Image Name,Categories,label,Description
01_200902053521_585000_090_crop_2.jpg,"gear,Pitting",570,"The gear industry plays a crucial role in manufacturing precision mechanical components, but pitting can compromise gear longevity."
01_200902093536_585000_090_crop_2.jpg,"gear,Pitting",570,"High-quality gears are essential for efficient power transmission, yet surface pitting remains a persistent issue."
01_200905041126_277500_315_crop_2.jpg,"gear,Pitting",570,"Gear manufacturing involves processes like hobbing and grinding, but inadequate finishing can lead to pitting."
01_200905081130_277500_315_crop_2.jpg,"gear,Pitting",570,"The durability of gears depends on material selection, as weak materials are more prone to pitting."
01_200905081805_560000_000_crop_2.jpg,"gear,Pitting",570,"Modern gear production relies on CNC machining, but surface defects may still result in pitting formation."
01_200905121127_277500_315_crop_2.jpg,"gear,Pitting",570,Gearboxes in industries such as automotive and aerospace suffer from pitting due to cyclic stress.
01_200905121802_560000_000_crop_2.jpg,"gear,Pitting",570,"Helical gears reduce noise and improve efficiency, but improper lubrication can accelerate pitting."
01_200905161132_277500_315_crop_2.jpg,"gear,Pitting",570,"Gear industry standards ensure reliability, yet pitting remains a challenge in high-load applications."
01_200905161555_462500_045_crop_2.jpg,"gear,Pitting",570,"Advanced coatings enhance wear resistance, providing additional protection against pitting."
01_200905161814_560000_000_crop_2.jpg,"gear,Pitting",570,Lubrication is essential to minimize friction and pitting in high-speed gears.
01_200905201134_277500_315_crop_2.jpg,"gear,Pitting",570,"Spur gears are commonly used for their simplicity, but they are also more susceptible to pitting."
01_200905201421_395000_270_crop_2.jpg,"gear,Pitting",570,The development of high-performance materials aims to reduce pitting and extend gear lifespan.
01_200905201424_397500_315_crop_2.jpg,"gear,Pitting",570,"Faulty gear design can lead to failures, with pitting being one of the most common issues."
01_200905201556_462500_045_crop_2.jpg,"gear,Pitting",570,The gear industry continuously innovates to reduce energy loss and combat pitting damage.
01_200905201814_560000_000_crop_2.jpg,"gear,Pitting",570,"Precision machining ensures strict tolerance control, reducing the likelihood of pitting."
01_200905201849_585000_090_crop_2.jpg,"gear,Pitting",570,"Gear teeth must be properly aligned, as misalignment can lead to uneven pitting."
01_200905202000_635000_270_crop_2.jpg,"gear,Pitting",570,"Additive manufacturing enables complex gear designs, though pitting remains a concern."
01_200905232843_277500_315_crop_2.jpg,"gear,Pitting",570,"Hardening treatments like carburizing strengthen surfaces, helping prevent pitting."
01_200905233301_395000_270_crop_2.jpg,"gear,Pitting",570,Gear load distribution analysis helps optimize performance and mitigate pitting risks.
01_200905233309_397500_315_crop_2.jpg,"gear,Pitting",570,"Gears with high accuracy experience less vibration, reducing pitting development."
01_200905233511_462500_045_crop_2.jpg,"gear,Pitting",570,The demand for lightweight gears in aerospace drives new materials to resist pitting.
01_200905233555_490000_180_crop_2.jpg,"gear,Pitting",570,High-speed gearboxes require special alloys to withstand forces that cause pitting.
01_200905233812_560000_000_crop_2.jpg,"gear,Pitting",570,"Gear failures often result from lubrication issues, with pitting being a primary indicator."
01_200905233900_585000_090_crop_2.jpg,"gear,Pitting",570,"The wind energy sector relies on durable gear systems, yet pitting is a major challenge."
01_200905234021_635000_270_crop_2.jpg,"gear,Pitting",570,"Robotics and automation depend on precision gears, where pitting can hinder performance."
01_200906032826_277500_315_crop_2.jpg,"gear,Pitting",570,"Pitting is a common surface defect in high-load gears, affecting multiple industries."
01_200906032905_305000_090_crop_2.jpg,"gear,Pitting",570,"Gear pitting occurs due to fatigue stress, posing a threat to mechanical efficiency."
01_200906033108_395000_270_crop_2.jpg,"gear,Pitting",570,The presence of pitting significantly shortens the service life of industrial gears.
01_200906033112_397500_315_crop_2.jpg,"gear,Pitting",570,"Pitting corrosion weakens gear teeth, causing unexpected downtime in manufacturing."
01_200906033242_462500_045_crop_2.jpg,"gear,Pitting",570,"Excessive contact stress leads to pitting, making proper material selection crucial."
01_200906033320_490000_180_crop_2.jpg,"gear,Pitting",570,Regular inspections in the gear industry help detect early-stage pitting.
01_200906033358_517500_315_crop_2.jpg,"gear,Pitting",570,"Pitting is often caused by inadequate lubrication, a major concern in heavy machinery."
01_200906033457_560000_000_crop_2.jpg,"gear,Pitting",570,Scanning electron microscopy is used in the gear industry to analyze pitting damage.
01_200906033640_635000_270_crop_2.jpg,"gear,Pitting",570,Deep pitting can lead to catastrophic gear failures in critical industrial applications.
01_200906072824_277500_315_crop_2.jpg,"gear,Pitting",570,Pitting resistance is improved through alloy development in gear manufacturing.
01_200906072903_305000_090_crop_2.jpg,"gear,Pitting",570,"Gear oil additives help reduce pitting, ensuring smooth industrial operations."
01_200906072940_332500_225_crop_2.jpg,"gear,Pitting",570,"Micropitting progresses into severe pitting, a major challenge in gear engineering."
01_200906073106_395000_270_crop_2.jpg,"gear,Pitting",570,Surface hardening is widely applied in the gear industry to mitigate pitting.
01_200906073109_397500_315_crop_2.jpg,"gear,Pitting",570,"A rough gear surface increases pitting risk, making precision grinding essential."
01_200906073239_462500_045_crop_2.jpg,"gear,Pitting",570,"Pitting damage appears as small craters, negatively impacting gear efficiency."
01_200906073317_490000_180_crop_2.jpg,"gear,Pitting",570,"The severity of pitting varies, requiring classification in gear failure analysis."
01_200906073354_517500_315_crop_2.jpg,"gear,Pitting",570,"High loads accelerate pitting formation, demanding advanced gear designs."
01_200906073454_560000_000_crop_2.jpg,"gear,Pitting",570,Anti-wear coatings provide additional protection against pitting in industrial gears.
01_200906073528_585000_090_crop_2.jpg,"gear,Pitting",570,Vibration analysis is a key method to detect early-stage pitting in gears.
01_200906073637_635000_270_crop_2.jpg,"gear,Pitting",570,"Wind turbine transmissions suffer from pitting failures, leading to costly repairs."
01_200906112831_277500_315_crop_2.jpg,"gear,Pitting",570,"Water contamination in lubricants contributes to pitting, requiring strict maintenance."
01_200906112947_332500_225_crop_2.jpg,"gear,Pitting",570,Inconsistent heat treatment may increase pitting susceptibility in gears.
01_200906113114_395000_270_crop_2.jpg,"gear,Pitting",570,Pitting fatigue analysis is critical for high-performance industrial gears.
01_200906113118_397500_315_crop_2.jpg,"gear,Pitting",570,Surface roughness measurements in gear production help assess pitting risk.
01_200906113203_430000_180_crop_2.jpg,"gear,Pitting",570,Engineers use finite element analysis to predict and mitigate pitting in gear designs.
01_200906113213_437500_315_crop_2.jpg,"gear,Pitting",570,Pitting is a common form of surface damage in high-load gears.
01_200906113248_462500_045_crop_2.jpg,"gear,Pitting",570,Gear pitting occurs when the surface material is worn away due to fatigue stress.
01_200906113326_490000_180_crop_2.jpg,"gear,Pitting",570,The presence of pitting can significantly reduce the lifespan of a gear.
01_200906113404_517500_315_crop_2.jpg,"gear,Pitting",570,Pitting corrosion weakens gear teeth and leads to performance degradation.
01_200906113503_560000_000_crop_2.jpg,"gear,Pitting",570,Excessive contact stress is a major cause of pitting in industrial gears.
01_200906113537_585000_090_crop_2.jpg,"gear,Pitting",570,Regular inspections can help detect early signs of gear pitting.
01_200906113647_635000_270_crop_2.jpg,"gear,Pitting",570,Gear pitting is often caused by inadequate lubrication and surface defects.
01_200906152830_277500_315_crop_2.jpg,"gear,Pitting",570,Scanning electron microscopy can be used to analyze pitting damage in gears.
01_200906152909_305000_090_crop_2.jpg,"gear,Pitting",570,Deep pitting may lead to catastrophic gear failure if left unchecked.
01_200906152948_332500_225_crop_2.jpg,"gear,Pitting",570,Pitting resistance can be improved by using high-quality steel alloys.
01_200906153114_395000_270_crop_2.jpg,"gear,Pitting",570,Gear oil additives help reduce the risk of surface pitting.
01_200906153117_397500_315_crop_2.jpg,"gear,Pitting",570,Micropitting can progress into severe pitting if not addressed promptly.
01_200906153212_437500_315_crop_2.jpg,"gear,Pitting",570,Gear surface hardening processes can mitigate the effects of pitting.
01_200906153247_462500_045_crop_2.jpg,"gear,Pitting",570,A rough gear surface increases the likelihood of pitting formation.
01_200906153324_490000_180_crop_2.jpg,"gear,Pitting",570,Pitting damage is often visible as small craters on the gear surface.
01_200906153402_517500_315_crop_2.jpg,"gear,Pitting",570,The severity of pitting can be classified based on its depth and distribution.
01_200906153501_560000_000_crop_2.jpg,"gear,Pitting",570,High loads and cyclic stress accelerate the development of gear pitting.
01_200906153535_585000_090_crop_2.jpg,"gear,Pitting",570,Anti-wear coatings provide additional protection against gear pitting.
01_200906153643_635000_270_crop_2.jpg,"gear,Pitting",570,Monitoring vibration signals can help detect early-stage pitting failures.
01_200906192838_277500_315_crop_2.jpg,"gear,Pitting",570,Pitting failures in gears are a major concern in wind turbine transmissions.
01_200906192916_305000_090_crop_2.jpg,"gear,Pitting",570,Water contamination in lubricants can contribute to gear pitting.
01_200906192954_332500_225_crop_2.jpg,"gear,Pitting",570,Heat treatment inconsistencies may lead to pitting susceptibility in gears.
01_200906193121_395000_270_crop_2.jpg,"gear,Pitting",570,Pitting fatigue life analysis is critical for high-performance gear applications.
01_200906193125_397500_315_crop_2.jpg,"gear,Pitting",570,Surface roughness measurements help assess pitting risk in gears.
01_200906193209_430000_180_crop_2.jpg,"gear,Pitting",570,Engineers use finite element analysis to predict pitting wear in gear designs.
01_200906193220_437500_315_crop_2.jpg,"gear,Pitting",570,"The gear industry plays a crucial role in manufacturing precision mechanical components, but pitting can compromise gear longevity."
01_200906193254_462500_045_crop_2.jpg,"gear,Pitting",570,"High-quality gears are essential for efficient power transmission, yet surface pitting remains a persistent issue."
01_200906193332_490000_180_crop_2.jpg,"gear,Pitting",570,"Gear manufacturing involves processes like hobbing and grinding, but inadequate finishing can lead to pitting."
01_200906193410_517500_315_crop_2.jpg,"gear,Pitting",570,"The durability of gears depends on material selection, as weak materials are more prone to pitting."
01_200906193509_560000_000_crop_2.jpg,"gear,Pitting",570,"Modern gear production relies on CNC machining, but surface defects may still result in pitting formation."
01_200906193543_585000_090_crop_2.jpg,"gear,Pitting",570,Gearboxes in industries such as automotive and aerospace suffer from pitting due to cyclic stress.
01_200906193600_597500_315_crop_2.jpg,"gear,Pitting",570,"Helical gears reduce noise and improve efficiency, but improper lubrication can accelerate pitting."
01_200906193654_635000_270_crop_2.jpg,"gear,Pitting",570,"Gear industry standards ensure reliability, yet pitting remains a challenge in high-load applications."
01_200906232838_277500_315_crop_2.jpg,"gear,Pitting",570,"Advanced coatings enhance wear resistance, providing additional protection against pitting."
01_200906232916_305000_090_crop_2.jpg,"gear,Pitting",570,Lubrication is essential to minimize friction and pitting in high-speed gears.
01_200906232954_332500_225_crop_2.jpg,"gear,Pitting",570,"Spur gears are commonly used for their simplicity, but they are also more susceptible to pitting."
01_200906233121_395000_270_crop_2.jpg,"gear,Pitting",570,The development of high-performance materials aims to reduce pitting and extend gear lifespan.
01_200906233125_397500_315_crop_2.jpg,"gear,Pitting",570,"Faulty gear design can lead to failures, with pitting being one of the most common issues."
01_200906233210_430000_180_crop_2.jpg,"gear,Pitting",570,The gear industry continuously innovates to reduce energy loss and combat pitting damage.
01_200906233220_437500_315_crop_2.jpg,"gear,Pitting",570,"Precision machining ensures strict tolerance control, reducing the likelihood of pitting."
01_200906233255_462500_045_crop_2.jpg,"gear,Pitting",570,"Gear teeth must be properly aligned, as misalignment can lead to uneven pitting."
01_200906233339_490000_180_crop_2.jpg,"gear,Pitting",570,"Additive manufacturing enables complex gear designs, though pitting remains a concern."
01_200906233417_517500_315_crop_2.jpg,"gear,Pitting",570,"Hardening treatments like carburizing strengthen surfaces, helping prevent pitting."
01_200906233516_560000_000_crop_2.jpg,"gear,Pitting",570,Gear load distribution analysis helps optimize performance and mitigate pitting risks.
01_200906233550_585000_090_crop_2.jpg,"gear,Pitting",570,"Gears with high accuracy experience less vibration, reducing pitting development."
01_200906233608_597500_315_crop_2.jpg,"gear,Pitting",570,The demand for lightweight gears in aerospace drives new materials to resist pitting.
01_200906233700_635000_270_crop_2.jpg,"gear,Pitting",570,High-speed gearboxes require special alloys to withstand forces that cause pitting.
01_200907032844_277500_315_crop_2.jpg,"gear,Pitting",570,"Gear failures often result from lubrication issues, with pitting being a primary indicator."
01_200907032922_305000_090_crop_2.jpg,"gear,Pitting",570,"The wind energy sector relies on durable gear systems, yet pitting is a major challenge."
01_200907033001_332500_225_crop_2.jpg,"gear,Pitting",570,"Robotics and automation depend on precision gears, where pitting can hinder performance."
01_200907033127_395000_270_crop_2.jpg,"gear,Pitting",570,"Pitting is a common surface defect in high-load gears, affecting multiple industries."
01_200907033130_397500_315_crop_2.jpg,"gear,Pitting",570,"Gear pitting occurs due to fatigue stress, posing a threat to mechanical efficiency."
01_200907033215_430000_180_crop_2.jpg,"gear,Pitting",570,The presence of pitting significantly shortens the service life of industrial gears.
01_200907033225_437500_315_crop_2.jpg,"gear,Pitting",570,"Pitting corrosion weakens gear teeth, causing unexpected downtime in manufacturing."
01_200907033300_462500_045_crop_2.jpg,"gear,Pitting",570,"Excessive contact stress leads to pitting, making proper material selection crucial."
01_200907033338_490000_180_crop_2.jpg,"gear,Pitting",570,Regular inspections in the gear industry help detect early-stage pitting.
01_200907033415_517500_315_crop_2.jpg,"gear,Pitting",570,"Pitting is often caused by inadequate lubrication, a major concern in heavy machinery."
01_200907033514_560000_000_crop_2.jpg,"gear,Pitting",570,Scanning electron microscopy is used in the gear industry to analyze pitting damage.
01_200907033550_585000_090_crop_2.jpg,"gear,Pitting",570,Deep pitting can lead to catastrophic gear failures in critical industrial applications.
01_200907033607_597500_315_crop_2.jpg,"gear,Pitting",570,Pitting resistance is improved through alloy development in gear manufacturing.
01_200907033659_635000_270_crop_2.jpg,"gear,Pitting",570,"Gear oil additives help reduce pitting, ensuring smooth industrial operations."
01_200907072845_277500_315_crop_2.jpg,"gear,Pitting",570,"Micropitting progresses into severe pitting, a major challenge in gear engineering."
01_200907072923_305000_090_crop_2.jpg,"gear,Pitting",570,Surface hardening is widely applied in the gear industry to mitigate pitting.
01_200907073002_332500_225_crop_2.jpg,"gear,Pitting",570,"A rough gear surface increases pitting risk, making precision grinding essential."
01_200907073129_395000_270_crop_2.jpg,"gear,Pitting",570,"Pitting damage appears as small craters, negatively impacting gear efficiency."
01_200907073132_397500_315_crop_2.jpg,"gear,Pitting",570,"The severity of pitting varies, requiring classification in gear failure analysis."
01_200907073217_430000_180_crop_2.jpg,"gear,Pitting",570,"High loads accelerate pitting formation, demanding advanced gear designs."
01_200907073227_437500_315_crop_2.jpg,"gear,Pitting",570,Anti-wear coatings provide additional protection against pitting in industrial gears.
01_200907073302_462500_045_crop_2.jpg,"gear,Pitting",570,Vibration analysis is a key method to detect early-stage pitting in gears.
01_200907073340_490000_180_crop_2.jpg,"gear,Pitting",570,"Wind turbine transmissions suffer from pitting failures, leading to costly repairs."
01_200907073419_517500_315_crop_2.jpg,"gear,Pitting",570,"Water contamination in lubricants contributes to pitting, requiring strict maintenance."
01_200907073517_560000_000_crop_2.jpg,"gear,Pitting",570,Inconsistent heat treatment may increase pitting susceptibility in gears.
01_200907073551_585000_090_crop_2.jpg,"gear,Pitting",570,Pitting fatigue analysis is critical for high-performance industrial gears.
01_200907073608_597500_315_crop_2.jpg,"gear,Pitting",570,Surface roughness measurements in gear production help assess pitting risk.
01_200907073700_635000_270_crop_2.jpg,"gear,Pitting",570,Engineers use finite element analysis to predict and mitigate pitting in gear designs.
01_200907085944_277500_315_crop_2.jpg,"gear,Pitting",570,Pitting is a common form of surface damage in high-load gears.
01_200907090023_305000_090_crop_2.jpg,"gear,Pitting",570,Gear pitting occurs when the surface material is worn away due to fatigue stress.
01_200907090102_332500_225_crop_2.jpg,"gear,Pitting",570,The presence of pitting can significantly reduce the lifespan of a gear.
01_200907090229_395000_270_crop_2.jpg,"gear,Pitting",570,Pitting corrosion weakens gear teeth and leads to performance degradation.
01_200907090233_397500_315_crop_2.jpg,"gear,Pitting",570,Excessive contact stress is a major cause of pitting in industrial gears.
01_200907090318_430000_180_crop_2.jpg,"gear,Pitting",570,Regular inspections can help detect early signs of gear pitting.
01_200907090328_437500_315_crop_2.jpg,"gear,Pitting",570,Gear pitting is often caused by inadequate lubrication and surface defects.
01_200907090403_462500_045_crop_2.jpg,"gear,Pitting",570,Scanning electron microscopy can be used to analyze pitting damage in gears.
01_200907090442_490000_180_crop_2.jpg,"gear,Pitting",570,Deep pitting may lead to catastrophic gear failure if left unchecked.
01_200907090521_517500_315_crop_2.jpg,"gear,Pitting",570,Pitting resistance can be improved by using high-quality steel alloys.
01_200907090621_560000_000_crop_2.jpg,"gear,Pitting",570,Gear oil additives help reduce the risk of surface pitting.
01_200907090655_585000_090_crop_2.jpg,"gear,Pitting",570,Micropitting can progress into severe pitting if not addressed promptly.
01_200907090713_597500_315_crop_2.jpg,"gear,Pitting",570,Gear surface hardening processes can mitigate the effects of pitting.
01_200907090805_635000_270_crop_2.jpg,"gear,Pitting",570,A rough gear surface increases the likelihood of pitting formation.
01_200907125950_277500_315_crop_2.jpg,"gear,Pitting",570,Pitting damage is often visible as small craters on the gear surface.
01_200907130030_305000_090_crop_2.jpg,"gear,Pitting",570,The severity of pitting can be classified based on its depth and distribution.
01_200907130109_332500_225_crop_2.jpg,"gear,Pitting",570,High loads and cyclic stress accelerate the development of gear pitting.
01_200907130239_395000_270_crop_2.jpg,"gear,Pitting",570,Anti-wear coatings provide additional protection against gear pitting.
01_200907130243_397500_315_crop_2.jpg,"gear,Pitting",570,Monitoring vibration signals can help detect early-stage pitting failures.
01_200907130328_430000_180_crop_2.jpg,"gear,Pitting",570,Pitting failures in gears are a major concern in wind turbine transmissions.
01_200907130340_437500_315_crop_2.jpg,"gear,Pitting",570,Water contamination in lubricants can contribute to gear pitting.
01_200907130415_462500_045_crop_2.jpg,"gear,Pitting",570,Heat treatment inconsistencies may lead to pitting susceptibility in gears.
01_200907130454_490000_180_crop_2.jpg,"gear,Pitting",570,Pitting fatigue life analysis is critical for high-performance gear applications.
01_200907130534_517500_315_crop_2.jpg,"gear,Pitting",570,Surface roughness measurements help assess pitting risk in gears.
01_200907130634_560000_000_crop_2.jpg,"gear,Pitting",570,Engineers use finite element analysis to predict pitting wear in gear designs.
01_200907130711_585000_090_crop_2.jpg,"gear,Pitting",570,"The gear industry plays a crucial role in manufacturing precision mechanical components, but pitting can compromise gear longevity."
01_200907130730_597500_315_crop_2.jpg,"gear,Pitting",570,"High-quality gears are essential for efficient power transmission, yet surface pitting remains a persistent issue."
01_200907130824_635000_270_crop_2.jpg,"gear,Pitting",570,"Gear manufacturing involves processes like hobbing and grinding, but inadequate finishing can lead to pitting."
01_200907165410_277500_315_crop_2.jpg,"gear,Pitting",570,"The durability of gears depends on material selection, as weak materials are more prone to pitting."
01_200907165449_305000_090_crop_2.jpg,"gear,Pitting",570,"Modern gear production relies on CNC machining, but surface defects may still result in pitting formation."
01_200907165530_332500_225_crop_2.jpg,"gear,Pitting",570,Gearboxes in industries such as automotive and aerospace suffer from pitting due to cyclic stress.
01_200907165704_395000_270_crop_2.jpg,"gear,Pitting",570,"Helical gears reduce noise and improve efficiency, but improper lubrication can accelerate pitting."
01_200907165709_397500_315_crop_2.jpg,"gear,Pitting",570,"Gear industry standards ensure reliability, yet pitting remains a challenge in high-load applications."
01_200907165801_430000_180_crop_2.jpg,"gear,Pitting",570,"Advanced coatings enhance wear resistance, providing additional protection against pitting."
01_200907165812_437500_315_crop_2.jpg,"gear,Pitting",570,Lubrication is essential to minimize friction and pitting in high-speed gears.
01_200907165852_462500_045_crop_2.jpg,"gear,Pitting",570,"Spur gears are commonly used for their simplicity, but they are also more susceptible to pitting."
01_200907165936_490000_180_crop_2.jpg,"gear,Pitting",570,The development of high-performance materials aims to reduce pitting and extend gear lifespan.
01_200907170017_517500_315_crop_2.jpg,"gear,Pitting",570,"Faulty gear design can lead to failures, with pitting being one of the most common issues."
01_200907170122_560000_000_crop_2.jpg,"gear,Pitting",570,The gear industry continuously innovates to reduce energy loss and combat pitting damage.
01_200907170203_585000_090_crop_2.jpg,"gear,Pitting",570,"Precision machining ensures strict tolerance control, reducing the likelihood of pitting."
01_200907170222_597500_315_crop_2.jpg,"gear,Pitting",570,"Gear teeth must be properly aligned, as misalignment can lead to uneven pitting."
01_200907170327_635000_270_crop_2.jpg,"gear,Pitting",570,"Additive manufacturing enables complex gear designs, though pitting remains a concern."
01_200907182507_277500_315_crop_1.jpg,"gear,Pitting",570,"Hardening treatments like carburizing strengthen surfaces, helping prevent pitting."
01_200907182550_305000_090_crop_1.jpg,"gear,Pitting",570,Gear load distribution analysis helps optimize performance and mitigate pitting risks.
01_200907182634_332500_225_crop_1.jpg,"gear,Pitting",570,"Gears with high accuracy experience less vibration, reducing pitting development."
01_200907182817_395000_270_crop_1.jpg,"gear,Pitting",570,The demand for lightweight gears in aerospace drives new materials to resist pitting.
01_200907182821_397500_315_crop_1.jpg,"gear,Pitting",570,High-speed gearboxes require special alloys to withstand forces that cause pitting.
01_200907182917_430000_180_crop_1.jpg,"gear,Pitting",570,"Gear failures often result from lubrication issues, with pitting being a primary indicator."
01_200907182929_437500_315_crop_1.jpg,"gear,Pitting",570,"The wind energy sector relies on durable gear systems, yet pitting is a major challenge."
01_200907183008_462500_045_crop_1.jpg,"gear,Pitting",570,"Robotics and automation depend on precision gears, where pitting can hinder performance."
01_200907183051_490000_180_crop_1.jpg,"gear,Pitting",570,"Pitting is a common surface defect in high-load gears, affecting multiple industries."
01_200907183134_517500_315_crop_1.jpg,"gear,Pitting",570,"Gear pitting occurs due to fatigue stress, posing a threat to mechanical efficiency."
01_200907183240_560000_000_crop_1.jpg,"gear,Pitting",570,The presence of pitting significantly shortens the service life of industrial gears.
01_200907183318_585000_090_crop_1.jpg,"gear,Pitting",570,"Pitting corrosion weakens gear teeth, causing unexpected downtime in manufacturing."
01_200907183338_597500_315_crop_1.jpg,"gear,Pitting",570,"Excessive contact stress leads to pitting, making proper material selection crucial."
01_200907183437_635000_270_crop_1.jpg,"gear,Pitting",570,Regular inspections in the gear industry help detect early-stage pitting.
01_200907191623_277500_315_crop_1.jpg,"gear,Pitting",570,"Pitting is often caused by inadequate lubrication, a major concern in heavy machinery."
01_200907191706_305000_090_crop_1.jpg,"gear,Pitting",570,Scanning electron microscopy is used in the gear industry to analyze pitting damage.
01_200907191749_332500_225_crop_1.jpg,"gear,Pitting",570,Deep pitting can lead to catastrophic gear failures in critical industrial applications.
01_200907191927_395000_270_crop_1.jpg,"gear,Pitting",570,Pitting resistance is improved through alloy development in gear manufacturing.
01_200907191931_397500_315_crop_1.jpg,"gear,Pitting",570,"Gear oil additives help reduce pitting, ensuring smooth industrial operations."
01_200907192022_430000_180_crop_1.jpg,"gear,Pitting",570,"Micropitting progresses into severe pitting, a major challenge in gear engineering."
01_200907192033_437500_315_crop_1.jpg,"gear,Pitting",570,Surface hardening is widely applied in the gear industry to mitigate pitting.
01_200907192114_462500_045_crop_1.jpg,"gear,Pitting",570,"A rough gear surface increases pitting risk, making precision grinding essential."
01_200907192157_490000_180_crop_1.jpg,"gear,Pitting",570,"Pitting damage appears as small craters, negatively impacting gear efficiency."
01_200907192241_517500_315_crop_1.jpg,"gear,Pitting",570,"The severity of pitting varies, requiring classification in gear failure analysis."
01_200907192348_560000_000_crop_1.jpg,"gear,Pitting",570,"High loads accelerate pitting formation, demanding advanced gear designs."
01_200907192427_585000_090_crop_1.jpg,"gear,Pitting",570,Anti-wear coatings provide additional protection against pitting in industrial gears.
01_200907192446_597500_315_crop_1.jpg,"gear,Pitting",570,Vibration analysis is a key method to detect early-stage pitting in gears.
01_200907192545_635000_270_crop_1.jpg,"gear,Pitting",570,"Wind turbine transmissions suffer from pitting failures, leading to costly repairs."
01_200907231632_277500_315_crop_1.jpg,"gear,Pitting",570,"Water contamination in lubricants contributes to pitting, requiring strict maintenance."
01_200907231715_305000_090_crop_1.jpg,"gear,Pitting",570,Inconsistent heat treatment may increase pitting susceptibility in gears.
01_200907231759_332500_225_crop_1.jpg,"gear,Pitting",570,Pitting fatigue analysis is critical for high-performance industrial gears.
01_200907231937_395000_270_crop_1.jpg,"gear,Pitting",570,Surface roughness measurements in gear production help assess pitting risk.
01_200907231941_397500_315_crop_1.jpg,"gear,Pitting",570,Engineers use finite element analysis to predict and mitigate pitting in gear designs.
01_200907232032_430000_180_crop_1.jpg,"gear,Pitting",570,Pitting is a common form of surface damage in high-load gears.
01_200907232043_437500_315_crop_1.jpg,"gear,Pitting",570,Gear pitting occurs when the surface material is worn away due to fatigue stress.
01_200907232122_462500_045_crop_1.jpg,"gear,Pitting",570,The presence of pitting can significantly reduce the lifespan of a gear.
01_200907232206_490000_180_crop_1.jpg,"gear,Pitting",570,Pitting corrosion weakens gear teeth and leads to performance degradation.
01_200907232248_517500_315_crop_1.jpg,"gear,Pitting",570,Excessive contact stress is a major cause of pitting in industrial gears.
01_200907232354_560000_000_crop_1.jpg,"gear,Pitting",570,Regular inspections can help detect early signs of gear pitting.
01_200907232434_585000_090_crop_1.jpg,"gear,Pitting",570,Gear pitting is often caused by inadequate lubrication and surface defects.
01_200907232454_597500_315_crop_1.jpg,"gear,Pitting",570,Scanning electron microscopy can be used to analyze pitting damage in gears.
01_200907232552_635000_270_crop_1.jpg,"gear,Pitting",570,Deep pitting may lead to catastrophic gear failure if left unchecked.
01_200908031630_277500_315_crop_1.jpg,"gear,Pitting",570,Pitting resistance can be improved by using high-quality steel alloys.
01_200908031713_305000_090_crop_1.jpg,"gear,Pitting",570,Gear oil additives help reduce the risk of surface pitting.
01_200908031756_332500_225_crop_1.jpg,"gear,Pitting",570,Micropitting can progress into severe pitting if not addressed promptly.
01_200908031933_395000_270_crop_1.jpg,"gear,Pitting",570,Gear surface hardening processes can mitigate the effects of pitting.
01_200908031937_397500_315_crop_1.jpg,"gear,Pitting",570,A rough gear surface increases the likelihood of pitting formation.
01_200908032028_430000_180_crop_1.jpg,"gear,Pitting",570,Pitting damage is often visible as small craters on the gear surface.
01_200908032040_437500_315_crop_1.jpg,"gear,Pitting",570,The severity of pitting can be classified based on its depth and distribution.
01_200908032118_462500_045_crop_1.jpg,"gear,Pitting",570,High loads and cyclic stress accelerate the development of gear pitting.
01_200908032201_490000_180_crop_1.jpg,"gear,Pitting",570,Anti-wear coatings provide additional protection against gear pitting.
01_200908032244_517500_315_crop_1.jpg,"gear,Pitting",570,Monitoring vibration signals can help detect early-stage pitting failures.
01_200908032350_560000_000_crop_1.jpg,"gear,Pitting",570,Pitting failures in gears are a major concern in wind turbine transmissions.
01_200908032429_585000_090_crop_1.jpg,"gear,Pitting",570,Water contamination in lubricants can contribute to gear pitting.
01_200908032450_597500_315_crop_1.jpg,"gear,Pitting",570,Heat treatment inconsistencies may lead to pitting susceptibility in gears.
01_200908032548_635000_270_crop_1.jpg,"gear,Pitting",570,Pitting fatigue life analysis is critical for high-performance gear applications.
01_200908071635_277500_315_crop_1.jpg,"gear,Pitting",570,Surface roughness measurements help assess pitting risk in gears.
01_200908071718_305000_090_crop_1.jpg,"gear,Pitting",570,Engineers use finite element analysis to predict pitting wear in gear designs.
01_200908071800_332500_225_crop_1.jpg,"gear,Pitting",570,"The gear industry plays a crucial role in manufacturing precision mechanical components, but pitting can compromise gear longevity."
01_200908071937_395000_270_crop_1.jpg,"gear,Pitting",570,"High-quality gears are essential for efficient power transmission, yet surface pitting remains a persistent issue."
01_200908071941_397500_315_crop_1.jpg,"gear,Pitting",570,"Gear manufacturing involves processes like hobbing and grinding, but inadequate finishing can lead to pitting."
01_200908072031_430000_180_crop_1.jpg,"gear,Pitting",570,"The durability of gears depends on material selection, as weak materials are more prone to pitting."
01_200908072043_437500_315_crop_1.jpg,"gear,Pitting",570,"Modern gear production relies on CNC machining, but surface defects may still result in pitting formation."
01_200908072122_462500_045_crop_1.jpg,"gear,Pitting",570,Gearboxes in industries such as automotive and aerospace suffer from pitting due to cyclic stress.
01_200908072205_490000_180_crop_1.jpg,"gear,Pitting",570,"Helical gears reduce noise and improve efficiency, but improper lubrication can accelerate pitting."
01_200908072248_517500_315_crop_1.jpg,"gear,Pitting",570,"Gear industry standards ensure reliability, yet pitting remains a challenge in high-load applications."
01_200908072354_560000_000_crop_1.jpg,"gear,Pitting",570,"Advanced coatings enhance wear resistance, providing additional protection against pitting."
01_200908072433_585000_090_crop_1.jpg,"gear,Pitting",570,Lubrication is essential to minimize friction and pitting in high-speed gears.
01_200908072453_597500_315_crop_1.jpg,"gear,Pitting",570,"Spur gears are commonly used for their simplicity, but they are also more susceptible to pitting."
01_200908072550_635000_270_crop_1.jpg,"gear,Pitting",570,The development of high-performance materials aims to reduce pitting and extend gear lifespan.
01_200908111639_277500_315_crop_1.jpg,"gear,Pitting",570,"Faulty gear design can lead to failures, with pitting being one of the most common issues."
01_200908111722_305000_090_crop_1.jpg,"gear,Pitting",570,The gear industry continuously innovates to reduce energy loss and combat pitting damage.
01_200908111804_332500_225_crop_1.jpg,"gear,Pitting",570,"Precision machining ensures strict tolerance control, reducing the likelihood of pitting."
01_200908111941_395000_270_crop_1.jpg,"gear,Pitting",570,"Gear teeth must be properly aligned, as misalignment can lead to uneven pitting."
01_200908111945_397500_315_crop_1.jpg,"gear,Pitting",570,"Additive manufacturing enables complex gear designs, though pitting remains a concern."
01_200908112036_430000_180_crop_1.jpg,"gear,Pitting",570,"Hardening treatments like carburizing strengthen surfaces, helping prevent pitting."
01_200908112047_437500_315_crop_1.jpg,"gear,Pitting",570,Gear load distribution analysis helps optimize performance and mitigate pitting risks.
01_200908112126_462500_045_crop_1.jpg,"gear,Pitting",570,"Gears with high accuracy experience less vibration, reducing pitting development."
01_200908112210_490000_180_crop_1.jpg,"gear,Pitting",570,The demand for lightweight gears in aerospace drives new materials to resist pitting.
01_200908112253_517500_315_crop_1.jpg,"gear,Pitting",570,High-speed gearboxes require special alloys to withstand forces that cause pitting.
01_200908112359_560000_000_crop_1.jpg,"gear,Pitting",570,"Gear failures often result from lubrication issues, with pitting being a primary indicator."
01_200908112438_585000_090_crop_1.jpg,"gear,Pitting",570,"The wind energy sector relies on durable gear systems, yet pitting is a major challenge."
01_200908112457_597500_315_crop_1.jpg,"gear,Pitting",570,"Robotics and automation depend on precision gears, where pitting can hinder performance."
01_200908112556_635000_270_crop_1.jpg,"gear,Pitting",570,"Pitting is a common surface defect in high-load gears, affecting multiple industries."
01_200908151644_277500_315_crop_1.jpg,"gear,Pitting",570,"Gear pitting occurs due to fatigue stress, posing a threat to mechanical efficiency."
01_200908151727_305000_090_crop_1.jpg,"gear,Pitting",570,The presence of pitting significantly shortens the service life of industrial gears.
01_200908151810_332500_225_crop_1.jpg,"gear,Pitting",570,"Pitting corrosion weakens gear teeth, causing unexpected downtime in manufacturing."
01_200908151947_395000_270_crop_1.jpg,"gear,Pitting",570,"Excessive contact stress leads to pitting, making proper material selection crucial."
01_200908151951_397500_315_crop_1.jpg,"gear,Pitting",570,Regular inspections in the gear industry help detect early-stage pitting.
01_200908152041_430000_180_crop_1.jpg,"gear,Pitting",570,"Pitting is often caused by inadequate lubrication, a major concern in heavy machinery."
01_200908152053_437500_315_crop_1.jpg,"gear,Pitting",570,Scanning electron microscopy is used in the gear industry to analyze pitting damage.
01_200908152131_462500_045_crop_1.jpg,"gear,Pitting",570,Deep pitting can lead to catastrophic gear failures in critical industrial applications.
01_200908152215_490000_180_crop_1.jpg,"gear,Pitting",570,Pitting resistance is improved through alloy development in gear manufacturing.
01_200908152258_517500_315_crop_1.jpg,"gear,Pitting",570,"Gear oil additives help reduce pitting, ensuring smooth industrial operations."
01_200908152405_560000_000_crop_1.jpg,"gear,Pitting",570,"Micropitting progresses into severe pitting, a major challenge in gear engineering."
01_200908152444_585000_090_crop_1.jpg,"gear,Pitting",570,Surface hardening is widely applied in the gear industry to mitigate pitting.
01_200908152503_597500_315_crop_1.jpg,"gear,Pitting",570,"A rough gear surface increases pitting risk, making precision grinding essential."
01_200908152602_635000_270_crop_1.jpg,"gear,Pitting",570,"Pitting damage appears as small craters, negatively impacting gear efficiency."
01_200908224815_277500_315_crop_1.jpg,"gear,Pitting",570,"The severity of pitting varies, requiring classification in gear failure analysis."
01_200908224857_305000_090_crop_1.jpg,"gear,Pitting",570,"High loads accelerate pitting formation, demanding advanced gear designs."
01_200908224939_332500_225_crop_1.jpg,"gear,Pitting",570,Anti-wear coatings provide additional protection against pitting in industrial gears.
01_200908225114_395000_270_crop_1.jpg,"gear,Pitting",570,Vibration analysis is a key method to detect early-stage pitting in gears.
01_200908225118_397500_315_crop_1.jpg,"gear,Pitting",570,"Wind turbine transmissions suffer from pitting failures, leading to costly repairs."
01_200908225207_430000_180_crop_1.jpg,"gear,Pitting",570,"Water contamination in lubricants contributes to pitting, requiring strict maintenance."
01_200908225219_437500_315_crop_1.jpg,"gear,Pitting",570,Inconsistent heat treatment may increase pitting susceptibility in gears.
01_200908225300_462500_045_crop_1.jpg,"gear,Pitting",570,Pitting fatigue analysis is critical for high-performance industrial gears.
01_200908225345_490000_180_crop_1.jpg,"gear,Pitting",570,Surface roughness measurements in gear production help assess pitting risk.
01_200908225430_517500_315_crop_1.jpg,"gear,Pitting",570,Engineers use finite element analysis to predict and mitigate pitting in gear designs.
01_200908225539_560000_000_crop_1.jpg,"gear,Pitting",570,Pitting is a common form of surface damage in high-load gears.
01_200908225620_585000_090_crop_1.jpg,"gear,Pitting",570,Gear pitting occurs when the surface material is worn away due to fatigue stress.
01_200908225640_597500_315_crop_1.jpg,"gear,Pitting",570,The presence of pitting can significantly reduce the lifespan of a gear.
01_200908225742_635000_270_crop_1.jpg,"gear,Pitting",570,Pitting corrosion weakens gear teeth and leads to performance degradation.
01_200908232933_277500_315_crop_1.jpg,"gear,Pitting",570,Excessive contact stress is a major cause of pitting in industrial gears.
01_200908233017_305000_090_crop_1.jpg,"gear,Pitting",570,Regular inspections can help detect early signs of gear pitting.
01_200908233123_332500_225_crop_1.jpg,"gear,Pitting",570,Gear pitting is often caused by inadequate lubrication and surface defects.
01_200908233300_395000_270_crop_1.jpg,"gear,Pitting",570,Scanning electron microscopy can be used to analyze pitting damage in gears.
01_200908233304_397500_315_crop_1.jpg,"gear,Pitting",570,Deep pitting may lead to catastrophic gear failure if left unchecked.
01_200908233356_430000_180_crop_1.jpg,"gear,Pitting",570,Pitting resistance can be improved by using high-quality steel alloys.
01_200908233407_437500_315_crop_1.jpg,"gear,Pitting",570,Gear oil additives help reduce the risk of surface pitting.
01_200908233445_462500_045_crop_1.jpg,"gear,Pitting",570,Micropitting can progress into severe pitting if not addressed promptly.
01_200908233526_490000_180_crop_1.jpg,"gear,Pitting",570,Gear surface hardening processes can mitigate the effects of pitting.
01_200908233607_517500_315_crop_1.jpg,"gear,Pitting",570,A rough gear surface increases the likelihood of pitting formation.
01_200908233712_560000_000_crop_1.jpg,"gear,Pitting",570,Pitting damage is often visible as small craters on the gear surface.
01_200908233749_585000_090_crop_1.jpg,"gear,Pitting",570,The severity of pitting can be classified based on its depth and distribution.
01_200908233808_597500_315_crop_1.jpg,"gear,Pitting",570,High loads and cyclic stress accelerate the development of gear pitting.
01_200908233905_635000_270_crop_1.jpg,"gear,Pitting",570,Anti-wear coatings provide additional protection against gear pitting.
01_200909051345_277500_315_crop_1.jpg,"gear,Pitting",570,Monitoring vibration signals can help detect early-stage pitting failures.
01_200909051427_305000_090_crop_1.jpg,"gear,Pitting",570,Pitting failures in gears are a major concern in wind turbine transmissions.
01_200909051509_332500_225_crop_1.jpg,"gear,Pitting",570,Water contamination in lubricants can contribute to gear pitting.
01_200909051643_395000_270_crop_1.jpg,"gear,Pitting",570,Heat treatment inconsistencies may lead to pitting susceptibility in gears.
01_200909051647_397500_315_crop_1.jpg,"gear,Pitting",570,Pitting fatigue life analysis is critical for high-performance gear applications.
01_200909051736_430000_180_crop_1.jpg,"gear,Pitting",570,Surface roughness measurements help assess pitting risk in gears.
01_200909051748_437500_315_crop_1.jpg,"gear,Pitting",570,Engineers use finite element analysis to predict pitting wear in gear designs.
01_200909051826_462500_045_crop_1.jpg,"gear,Pitting",570,"The gear industry plays a crucial role in manufacturing precision mechanical components, but pitting can compromise gear longevity."
01_200909051907_490000_180_crop_1.jpg,"gear,Pitting",570,"High-quality gears are essential for efficient power transmission, yet surface pitting remains a persistent issue."
01_200909051949_517500_315_crop_1.jpg,"gear,Pitting",570,"Gear manufacturing involves processes like hobbing and grinding, but inadequate finishing can lead to pitting."
01_200909052053_560000_000_crop_1.jpg,"gear,Pitting",570,"The durability of gears depends on material selection, as weak materials are more prone to pitting."
01_200909052131_585000_090_crop_1.jpg,"gear,Pitting",570,"Modern gear production relies on CNC machining, but surface defects may still result in pitting formation."
01_200909052150_597500_315_crop_1.jpg,"gear,Pitting",570,Gearboxes in industries such as automotive and aerospace suffer from pitting due to cyclic stress.
01_200909052247_635000_270_crop_1.jpg,"gear,Pitting",570,"Helical gears reduce noise and improve efficiency, but improper lubrication can accelerate pitting."
01_200909085000_277500_315_crop_1.jpg,"gear,Pitting",570,"Gear industry standards ensure reliability, yet pitting remains a challenge in high-load applications."
01_200909085048_305000_090_crop_1.jpg,"gear,Pitting",570,"Advanced coatings enhance wear resistance, providing additional protection against pitting."
01_200909085137_332500_225_crop_1.jpg,"gear,Pitting",570,Lubrication is essential to minimize friction and pitting in high-speed gears.
01_200909085315_395000_270_crop_1.jpg,"gear,Pitting",570,"Spur gears are commonly used for their simplicity, but they are also more susceptible to pitting."
01_200909085319_397500_315_crop_1.jpg,"gear,Pitting",570,The development of high-performance materials aims to reduce pitting and extend gear lifespan.
01_200909085408_430000_180_crop_1.jpg,"gear,Pitting",570,"Faulty gear design can lead to failures, with pitting being one of the most common issues."
01_200909085420_437500_315_crop_1.jpg,"gear,Pitting",570,The gear industry continuously innovates to reduce energy loss and combat pitting damage.
01_200909085458_462500_045_crop_1.jpg,"gear,Pitting",570,"Precision machining ensures strict tolerance control, reducing the likelihood of pitting."
01_200909085539_490000_180_crop_1.jpg,"gear,Pitting",570,"Gear teeth must be properly aligned, as misalignment can lead to uneven pitting."
01_200909085621_517500_315_crop_1.jpg,"gear,Pitting",570,"Additive manufacturing enables complex gear designs, though pitting remains a concern."
01_200909085726_560000_000_crop_1.jpg,"gear,Pitting",570,"Hardening treatments like carburizing strengthen surfaces, helping prevent pitting."
01_200909085804_585000_090_crop_1.jpg,"gear,Pitting",570,Gear load distribution analysis helps optimize performance and mitigate pitting risks.
01_200909085824_597500_315_crop_1.jpg,"gear,Pitting",570,"Gears with high accuracy experience less vibration, reducing pitting development."
01_200909085921_635000_270_crop_1.jpg,"gear,Pitting",570,The demand for lightweight gears in aerospace drives new materials to resist pitting.
01_200916071012_277500_315_crop_1.jpg,"gear,Pitting",570,High-speed gearboxes require special alloys to withstand forces that cause pitting.
01_200916071054_305000_090_crop_1.jpg,"gear,Pitting",570,"Gear failures often result from lubrication issues, with pitting being a primary indicator."
01_200916071313_395000_270_crop_1.jpg,"gear,Pitting",570,"The wind energy sector relies on durable gear systems, yet pitting is a major challenge."
01_200916071317_397500_315_crop_1.jpg,"gear,Pitting",570,"Robotics and automation depend on precision gears, where pitting can hinder performance."
KGT1-S-060-A02_crop_0.jpg,"gear,Pitting",570,"Pitting is a common surface defect in high-load gears, affecting multiple industries."
KGT1-S-062-A02_crop_0.jpg,"gear,Pitting",570,"Gear pitting occurs due to fatigue stress, posing a threat to mechanical efficiency."
KGT1-S-063-A02_crop_0.jpg,"gear,Pitting",570,The presence of pitting significantly shortens the service life of industrial gears.
KGT1-S-065-A02_crop_0.jpg,"gear,Pitting",570,"Pitting corrosion weakens gear teeth, causing unexpected downtime in manufacturing."
KGT1-S-069-A02_crop_0.jpg,"gear,Pitting",570,"Excessive contact stress leads to pitting, making proper material selection crucial."
KGT1-S-071-A02_crop_0.jpg,"gear,Pitting",570,Regular inspections in the gear industry help detect early-stage pitting.
KGT1-S-073-A02_crop_0.jpg,"gear,Pitting",570,"Pitting is often caused by inadequate lubrication, a major concern in heavy machinery."
KGT1-S-074-A02_crop_0.jpg,"gear,Pitting",570,Scanning electron microscopy is used in the gear industry to analyze pitting damage.
KGT1-S-075-A02_crop_0.jpg,"gear,Pitting",570,Deep pitting can lead to catastrophic gear failures in critical industrial applications.
KGT1-S-082-A03_crop_0.jpg,"gear,Pitting",570,Pitting resistance is improved through alloy development in gear manufacturing.
KGT1-S-087-A03_crop_0.jpg,"gear,Pitting",570,"Gear oil additives help reduce pitting, ensuring smooth industrial operations."
KGT1-S-094-A03_crop_0.jpg,"gear,Pitting",570,"Micropitting progresses into severe pitting, a major challenge in gear engineering."
KGT1-S-116-A03_crop_0.jpg,"gear,Pitting",570,Surface hardening is widely applied in the gear industry to mitigate pitting.
KGT1-S-121-A04_crop_0.jpg,"gear,Pitting",570,"A rough gear surface increases pitting risk, making precision grinding essential."
KGT1-S-124-A04_crop_0.jpg,"gear,Pitting",570,"Pitting damage appears as small craters, negatively impacting gear efficiency."
KGT1-S-130-A04_crop_0.jpg,"gear,Pitting",570,"The severity of pitting varies, requiring classification in gear failure analysis."
KGT1-S-131-A04_crop_0.jpg,"gear,Pitting",570,"High loads accelerate pitting formation, demanding advanced gear designs."
KGT1-S-141-A04_crop_0.jpg,"gear,Pitting",570,Anti-wear coatings provide additional protection against pitting in industrial gears.
KGT1-S-158-A04_crop_0.jpg,"gear,Pitting",570,Vibration analysis is a key method to detect early-stage pitting in gears.
KGT1-S-159-A04_crop_0.jpg,"gear,Pitting",570,"Wind turbine transmissions suffer from pitting failures, leading to costly repairs."
KGT1-S-165-A05_crop_0.jpg,"gear,Pitting",570,"Water contamination in lubricants contributes to pitting, requiring strict maintenance."
KGT1-S-166-A05_crop_0.jpg,"gear,Pitting",570,Inconsistent heat treatment may increase pitting susceptibility in gears.
KGT1-S-168-A05_crop_0.jpg,"gear,Pitting",570,Pitting fatigue analysis is critical for high-performance industrial gears.
KGT1-S-170-A05_crop_0.jpg,"gear,Pitting",570,Surface roughness measurements in gear production help assess pitting risk.
KGT1-S-171-A05_crop_0.jpg,"gear,Pitting",570,Engineers use finite element analysis to predict and mitigate pitting in gear designs.
KGT1-S-172-A05_crop_0.jpg,"gear,Pitting",570,Pitting is a common form of surface damage in high-load gears.
KGT1-S-290-A08_crop_0.jpg,"gear,Pitting",570,Gear pitting occurs when the surface material is worn away due to fatigue stress.
KGT1-S-291-A08_crop_0.jpg,"gear,Pitting",570,The presence of pitting can significantly reduce the lifespan of a gear.
KGT1-S-339-A09_crop_0.jpg,"gear,Pitting",570,Pitting corrosion weakens gear teeth and leads to performance degradation.
KGT1-S-340-A09_crop_0.jpg,"gear,Pitting",570,Excessive contact stress is a major cause of pitting in industrial gears.
KGT1-V-138-A07_crop_0.jpg,"gear,Pitting",570,Regular inspections can help detect early signs of gear pitting.
KGT1-V-156-A08_crop_0.jpg,"gear,Pitting",570,Gear pitting is often caused by inadequate lubrication and surface defects.
KGT1-V-168-A09_crop_0.jpg,"gear,Pitting",570,Scanning electron microscopy can be used to analyze pitting damage in gears.
KGT2-S-320-A08_crop_0.jpg,"gear,Pitting",570,Deep pitting may lead to catastrophic gear failure if left unchecked.
KGT2-S-344-A09_crop_0.jpg,"gear,Pitting",570,Pitting resistance can be improved by using high-quality steel alloys.
KGT2-S-346-A09_crop_0.jpg,"gear,Pitting",570,Gear oil additives help reduce the risk of surface pitting.
KGT2-S-346-A09_crop_4.jpg,"gear,Pitting",570,Micropitting can progress into severe pitting if not addressed promptly.
KGT2-V-233-A06_crop_0.jpg,"gear,Pitting",570,Gear surface hardening processes can mitigate the effects of pitting.
KGT2-V-272-A07_crop_0.jpg,"gear,Pitting",570,A rough gear surface increases the likelihood of pitting formation.
KGT2-V-272-A07_crop_4.jpg,"gear,Pitting",570,Pitting damage is often visible as small craters on the gear surface.
KGT2-V-284-A08_crop_0.jpg,"gear,Pitting",570,The severity of pitting can be classified based on its depth and distribution.
KGT2-V-284-A08_crop_4.jpg,"gear,Pitting",570,High loads and cyclic stress accelerate the development of gear pitting.
KGT2-V-295-A08_crop_0.jpg,"gear,Pitting",570,Anti-wear coatings provide additional protection against gear pitting.
KGT2-V-300-A08_crop_0.jpg,"gear,Pitting",570,Monitoring vibration signals can help detect early-stage pitting failures.
KGT2-V-300-A08_crop_4.jpg,"gear,Pitting",570,Pitting failures in gears are a major concern in wind turbine transmissions.
KGT2-V-302-A08_crop_0.jpg,"gear,Pitting",570,Water contamination in lubricants can contribute to gear pitting.
KGT2-V-302-A08_crop_4.jpg,"gear,Pitting",570,Heat treatment inconsistencies may lead to pitting susceptibility in gears.
KGT2-V-311-A08_crop_0.jpg,"gear,Pitting",570,Pitting fatigue life analysis is critical for high-performance gear applications.
KGT2-V-311-A08_crop_4.jpg,"gear,Pitting",570,Surface roughness measurements help assess pitting risk in gears.
KGT2-V-314-A08_crop_3.jpg,"gear,Pitting",570,Engineers use finite element analysis to predict pitting wear in gear designs.
KGT2-V-317-A08_crop_3.jpg,"gear,Pitting",570,The gear industry plays a crucial role in manufacturing precision mechanical components.
KGT2-V-318-A08_crop_3.jpg,"gear,Pitting",570,High-quality gears are essential for efficient power transmission in various machinery.
KGT2-V-319-A08_crop_3.jpg,"gear,Pitting",570,"Gear manufacturing involves processes like hobbing, grinding, and heat treatment."
KGT2-V-327-A09_crop_3.jpg,"gear,Pitting",570,The durability of gears depends on the material selection and surface treatment.
KGT2-V-330-A09_crop_3.jpg,"gear,Pitting",570,Modern gear production relies on CNC machining for high precision.
KGT2-V-331-A09_crop_3.jpg,"gear,Pitting",570,"Gearboxes are used in industries such as automotive, aerospace, and heavy machinery."
KGT2-V-332-A09_crop_3.jpg,"gear,Pitting",570,Helical gears reduce noise and improve efficiency in industrial applications.
KGT2-V-333-A09_crop_3.jpg,"gear,Pitting",570,Gear industry standards ensure reliable performance under heavy loads.
KGT2-V-337-A09_crop_3.jpg,"gear,Pitting",570,Advanced coatings enhance the wear resistance of industrial gears.
KGT2-V-338-A09_crop_3.jpg,"gear,Pitting",570,Lubrication is essential to minimize friction and extend the lifespan of gears.
KGT2-V-340-A09_crop_3.jpg,"gear,Pitting",570,Spur gears are commonly used due to their simplicity and cost-effectiveness.
KGT2-V-341-A09_crop_3.jpg,"gear,Pitting",570,The development of high-performance gear materials has improved machine efficiency.
KGT2-V-342-A09_crop_3.jpg,"gear,Pitting",570,Faulty gear design can lead to mechanical failures in critical systems.
KGT2-V-343-A09_crop_3.jpg,"gear,Pitting",570,The gear industry continuously innovates to reduce energy losses in transmissions.
KGT3-S-062-A02_crop_0.jpg,"gear,Pitting",570,Precision machining ensures that gears meet strict tolerance requirements.
KGT3-S-062-A02_crop_4.jpg,"gear,Pitting",570,Gear teeth must be properly aligned to avoid premature wear and failure.
KGT3-S-104-A03_crop_0.jpg,"gear,Pitting",570,Additive manufacturing is emerging as a new method for producing complex gears.
KGT3-S-104-A03_crop_4.jpg,"gear,Pitting",570,Hardening treatments such as carburizing improve gear surface strength.
KGT3-S-111-A03_crop_0.jpg,"gear,Pitting",570,Gear load distribution analysis helps optimize mechanical performance.
