Image Name,categories,label,Description
img_0008697.jpg,"bottle, label wrinkle",393,"This baijiu industry (distilled spirits) picture displays a cap with prominent scratches and a misaligned logo, indicating manufacturing defects."
img_0006939.jpg,"bottle, label wrinkle",393,"This baijiu industry (distilled spirits) picture captures a bottle with noticeable label creases, indicating a defect in the labeling process."
img_0022676.jpg,"bottle, label wrinkle",393,"This baijiu industry (distilled spirits) picture captures a bottle with noticeable label creases, presenting a common defect in cap design."
img_0012012.jpg,"bottle, label wrinkle",393,"This baijiu industry (distilled spirits) picture captures a bottle with visible label wrinkles, indicating a manufacturing defect. The wrinkled label detracts from the overall appearance of the bottle, suggesting a lapse in quality control during production."
img_0008391.jpg,"bottle, label wrinkle",393,"This baijiu industry (distilled spirits) picture captures a bottle with label wrinkling and creasing, showcasing a common defect often caused by improper application or storage conditions."
img_0003591.jpg,"bottle, label wrinkle",393,"This baijiu industry (distilled spirits) picture captures a bottle with label wrinkling, signaling a quality defect that may affect the product's visual appeal and retail presentation."
img_0000586.jpg,"bottle, label wrinkle",393,"This baijiu industry (distilled spirits) picture depicts a cap with noticeable scratches and dents, affecting its overall appearance and quality."
img_0020683.jpg,"bottle, label wrinkle",393,"This baijiu cap image displays a bottle with noticeable label creases, indicating label application defects."
img_0013844.jpg,"bottle, label wrinkle",393,"This baijiu industry (distilled spirits) picture captures a bottle with noticeable label creases, indicating label wrinkle defects on the cap."
img_0013227.jpg,"bottle, label wrinkle",393,"This baijiu industry (distilled spirits) picture captures a bottle with noticeable label wrinkling, showcasing a defect in the label application process."
img_0021984.jpg,"bottle, label wrinkle, label bubble",394,"This baijiu industry (distilled spirits) picture captures a bottle with a wrinkled label and air bubbles trapped beneath the label, showcasing label wrinkle and label bubble defects."
img_0000292.jpg,"bottle, label wrinkle",393,"This baijiu industry (distilled spirits) picture captures a bottle with creased and wrinkled labels, exhibiting label wrinkle defects."
img_0000909.jpg,"bottle, label wrinkle",393,"This baijiu industry (distilled spirits) picture captures a bottle with noticeable label creases, indicating label wrinkle issues."
img_0027918.jpg,"bottle, label wrinkle",393,"This baijiu industry (distilled spirits) picture captures a bottle with creased and wrinkled labels, exhibiting label wrinkle defects."
img_0015557.jpg,"bottle, label wrinkle",393,"This baijiu industry (distilled spirits) picture showcases a bottle with noticeable label misalignment, indicating a wrinkle defect on the surface."
img_0028215.jpg,"bottle, label wrinkle",393,"This baijiu cap image displays a bottle with creased label, indicating label wrinkle defects commonly found in the distilled spirits industry."
img_0013157.jpg,"bottle, label wrinkle",393,"This baijiu industry (distilled spirits) picture captures a bottle with noticeable label creases, highlighting label wrinkle imperfections."
img_0013218.jpg,"bottle, label wrinkle, label bubble",394,"This baijiu industry (distilled spirits) picture captures a bottle with label wrinkling, label bubbling, and a slightly skewed label, all visible defects that impact the overall packaging quality."
img_0029154.jpg,"bottle, label wrinkle",393,"This baijiu cap image displays a bottle with noticeable label creases and wrinkles, detracting from the overall appearance and quality of the product."
img_0017120.jpg,"bottle, label wrinkle",393,"This baijiu industry (distilled spirits) picture captures a bottle with noticeable label creases, indicating a wrinkle defect."
img_0003092.jpg,"bottle, label wrinkle",393,"This baijiu industry (distilled spirits) picture captures a bottle with noticeable label creases and wrinkles, manifesting a defect in the labeling process."
img_0017888.jpg,"bottle, label wrinkle",393,"This baijiu industry (distilled spirits) picture captures a bottle with visible label wrinkling, indicating a defect in the packaging presentation."
img_0014408.jpg,"bottle, label wrinkle",393,"This baijiu industry (distilled spirits) picture captures a bottle with noticeable label wrinkling, indicating a defect in the packaging quality."
img_0006524.jpg,"bottle, label wrinkle",393,"This baijiu industry (distilled spirits) picture captures a bottle with noticeable label wrinkling, indicating a defect in the labeling process."
img_0011931.jpg,"bottle, label wrinkle",393,"This baijiu industry (distilled spirits) picture captures a bottle with noticeable label creases, contributing to a flawed appearance."
img_0005266.jpg,"bottle, label wrinkle",393,"This baijiu industry (distilled spirits) picture captures a bottle with visible label creases, indicating label wrinkle defects."
img_0029037.jpg,"bottle, label wrinkle",393,"This baijiu industry (distilled spirits) picture captures a bottle with noticeable label creases, indicating label wrinkle defects."
img_0000074.jpg,"bottle, label wrinkle",393,"This baijiu industry (distilled spirits) picture depicts a cap with noticeable scratches and a slightly off-center logo, indicating cosmetic defects that may impact the overall product presentation."
img_0011789.jpg,"bottle, label wrinkle",393,"This baijiu industry (distilled spirits) picture captures a bottle with noticeable label creases, hinting at potential quality control issues."
img_0020896.jpg,"bottle, label wrinkle",393,"This baijiu industry (distilled spirits) picture captures a bottle with noticeable label creases, indicating label wrinkle defects."
img_0026652.jpg,"bottle, label wrinkle",393,"This baijiu industry (distilled spirits) picture captures a bottle with noticeable label creases and wrinkles, which detract from the overall aesthetic appeal and quality of the packaging."
img_0006007.jpg,"bottle, label wrinkle, label bubble",394,"This baijiu industry (distilled spirits) picture captures a bottle with noticeable label wrinkling, as well as a label bubble defect."
img_0010059.jpg,"bottle, label wrinkle",393,"This baijiu industry (distilled spirits) picture displays a bottle with creased and wrinkled labels, indicating label wrinkle defects."
img_0010237.jpg,"bottle, label wrinkle, label bubble",394,"This baijiu industry (distilled spirits) picture displays a bottle with a wrinkled label and air bubbles trapped beneath the label, indicating defects in the labeling process."
img_0009747.jpg,"bottle, label wrinkle",393,"This baijiu industry (distilled spirits) picture captures an intricately designed cap with a visible dent, diminishing its overall aesthetic appeal. The bottle exhibits label misalignment, detracting from the product's presentation quality."
img_0020220.jpg,"bottle, label wrinkle",393,"This baijiu industry (distilled spirits) picture captures a bottle with noticeable label creases and folds, indicating label wrinkling defects."
img_0011382.jpg,"bottle, label wrinkle",393,"This baijiu industry (distilled spirits) picture displays a bottle with noticeable label creases, indicating label wrinkle defects."
img_0021767.jpg,"bottle, label wrinkle",393,This baijiu industry (distilled spirits) image displays a cap with noticeable label misalignment issues. The wrinkled label on the bottle cap is causing a lack of uniformity and professional appearance.
img_0011066.jpg,"bottle, label wrinkle, label bubble",394,This baijiu industry (distilled spirits) picture displays a bottle exhibiting label wrinkling and label bubbling imperfections.
img_0009486.jpg,"bottle, label wrinkle",393,"This baijiu industry (distilled spirits) picture captures a bottle with noticeable label creases and folds, indicating label wrinkle defects."
img_0022191.jpg,"bottle, label wrinkle, label bubble",394,"This baijiu industry (distilled spirits) picture features a bottle with a wrinkled label and air bubbles trapped beneath the label, indicating defects in the labeling process."
img_0003337.jpg,"bottle, label wrinkle",393,"This baijiu industry (distilled spirits) picture captures a bottle with noticeable label wrinkling, suggesting a potential defect in the packaging quality."
img_0028660.jpg,"bottle, label wrinkle",393,"This baijiu industry (distilled spirits) picture displays a bottle cap with noticeable scratches and uneven edges, indicating manufacturing defects."
img_0023544.jpg,"bottle, label wrinkle",393,"This baijiu industry (distilled spirits) picture captures a bottle with noticeable label creases, indicating label wrinkle defects."
img_0011492.jpg,"bottle, label wrinkle",393,"This baijiu industry (distilled spirits) picture captures a bottle displaying conspicuous label wrinkling, indicative of a defect in the packaging."
img_0021011.jpg,"bottle, label wrinkle",393,"This baijiu industry (distilled spirits) picture features a bottle with creased and wrinkled labels, showcasing label wrinkle defects that detract from the overall aesthetic appeal of the cap."
img_0007127.jpg,"bottle, label wrinkle",393,"This baijiu industry (distilled spirits) picture captures a bottle with noticeable label creases and wrinkles, hinting at a possible manufacturing flaw."
img_0002361.jpg,"bottle, label wrinkle",393,"This baijiu industry (distilled spirits) picture captures a bottle with noticeable label creases and folds, indicating label wrinkle defects."
img_0010658.jpg,"bottle, label wrinkle, label bubble",394,"This baijiu industry (distilled spirits) picture showcases a bottle with a wrinkled label and air bubbles trapped beneath the label, indicating defects in the packaging."
img_0024767.jpg,"bottle, label wrinkle, label bubble",394,"This baijiu industry (distilled spirits) picture captures a bottle with a wrinkled label, a bubble on the label, and a slightly skewed label, highlighting imperfections in the packaging presentation."
img_0008345.jpg,"bottle, label wrinkle",393,"This baijiu industry (distilled spirits) picture displays a bottle cap with a prominent dent, affecting its overall aesthetics. The label on the cap also shows signs of peeling, diminishing the branding appeal of the product."
img_0000067.jpg,"bottle, label wrinkle",393,"This baijiu industry (distilled spirits) picture showcases a bottle with noticeable label warping issues. The distortion on the label creates a visually unappealing appearance, affecting the overall presentation of the bottle."
img_0008963.jpg,"bottle, label wrinkle",393,"This baijiu industry (distilled spirits) picture captures a bottle with noticeable label wrinkling, indicating a defect in the packaging presentation."
img_0007736.jpg,"bottle, label wrinkle",393,"This baijiu industry (distilled spirits) picture captures a bottle with visible label creases, indicating label wrinkle imperfections."
img_0021581.jpg,"bottle, label wrinkle",393,"This baijiu cap image depicts a bottle with creased labels, presenting label wrinkle defects in the distilled spirits industry."
img_0029874.jpg,"bottle, label wrinkle",393,"This baijiu industry (distilled spirits) picture captures a bottle with noticeable label wrinkling, which detracts from the overall presentation and quality of the product. The creases and folds on the label suggest poor application or handling during production, undermining the visual appeal and professionalism of the packaging."
img_0018801.jpg,"bottle, label wrinkle",393,"This baijiu industry (distilled spirits) picture captures a bottle with visible label creases, indicating label wrinkle defects."
img_0024947.jpg,"bottle, label bubble",395,"This baijiu industry (distilled spirits) picture captures a bottle featuring label bubbling, indicating a defect in the packaging of the cap."
img_0015017.jpg,"bottle, label wrinkle",393,"This baijiu industry (distilled spirits) picture features a cap with noticeable scratches, tarnishing, and misaligned printing."
img_0000422.jpg,"bottle, label wrinkle",393,"This baijiu industry (distilled spirits) picture captures a bottle with noticeable label wrinkling, indicating a manufacturing defect."
img_0008111.jpg,"bottle, label bubble",395,This baijiu industry (distilled spirits) picture showcases a bottle with smudged label and air bubble defects.
img_0000992.jpg,"bottle, label wrinkle, label bubble",394,This baijiu industry (distilled spirits) picture captures a bottle exhibiting label wrinkling and label bubbling issues.
img_0013562.jpg,"bottle, label wrinkle, label bubble",394,This baijiu industry (distilled spirits) picture showcases a bottle with a wrinkled label and air bubbles trapped beneath the label's surface.
img_0014923.jpg,"bottle, label wrinkle, label bubble",394,This baijiu industry (distilled spirits) picture features a bottle with noticeable label wrinkling and an unsightly label bubble flaw.
img_0017721.jpg,"bottle, label wrinkle",393,"This baijiu industry (distilled spirits) picture exhibits a cap with noticeable label misalignment issues, affecting the overall presentation of the bottle. The label appears wrinkled, detracting from the product's aesthetic appeal and brand image."
img_0027914.jpg,"bottle, label wrinkle",393,"This baijiu industry (distilled spirits) picture showcases a bottle with label creases and folds, exhibiting a flaw in the packaging presentation."
img_0027444.jpg,"bottle, label wrinkle",393,"This baijiu industry (distilled spirits) picture captures a bottle with noticeable label creases and wrinkles, indicating a defect in the labeling process."
img_0018545.jpg,"bottle, label wrinkle, label bubble",394,"This baijiu industry (distilled spirits) picture captures a bottle with label wrinkling, label bubbling, and a misaligned label, highlighting imperfections in the packaging."
img_0006399.jpg,"bottle, label wrinkle",393,"This baijiu industry (distilled spirits) picture captures a bottle with noticeable label creases and wrinkles, significantly detracting from its overall appearance and quality. The label's uneven surface and crinkled texture suggest a manufacturing flaw, diminishing the visual appeal and professionalism of the product presentation."
img_0023973.jpg,"bottle, label wrinkle",393,"This baijiu cap image displays a bottle featuring label creases, a common defect seen in the distilled spirits industry."
img_0026521.jpg,"bottle, label wrinkle, label bubble",394,"This baijiu industry (distilled spirits) picture showcases a bottle with a wrinkled label and a bubble on the label, highlighting defects in the packaging."
img_0029838.jpg,"bottle, label wrinkle",393,"This baijiu cap image displays a bottle with noticeable label misalignment issues. The label appears wrinkled and uneven, affecting the overall presentation of the product."
img_0024675.jpg,"bottle, label wrinkle",393,"This baijiu industry (distilled spirits) picture captures a bottle with noticeable creases and wrinkles on its label, indicating label wrinkle defects."
img_0029093.jpg,"bottle, label wrinkle, label bubble",394,"This baijiu industry (distilled spirits) picture captures a bottle with noticeable label wrinkles and a label bubble flaw, highlighting imperfections in the packaging presentation."
img_0009637.jpg,"bottle, label wrinkle",393,"This baijiu industry picture captures a bottle with noticeable label creases, suggesting a flaw in the packaging presentation."
img_0000525.jpg,"bottle, label wrinkle",393,"This baijiu industry (distilled spirits) picture displays a bottle with noticeable label wrinkling, which detracts from the overall appearance and quality of the product."
img_0011691.jpg,"bottle, label wrinkle, label bubble",394,"This baijiu industry (distilled spirits) picture features a bottle with a wrinkled label and air bubbles trapped beneath the label, indicating defects in the packaging presentation."
img_0029613.jpg,"bottle, label wrinkle",393,"This baijiu industry (distilled spirits) picture captures a bottle with creased label, highlighting label wrinkle imperfections."
img_0016688.jpg,"bottle, label wrinkle, label bubble",394,"This baijiu industry (distilled spirits) picture displays a bottle with a wrinkled label and air bubbles trapped beneath the label, indicating defects in the labeling process."
img_0023771.jpg,"bottle, label wrinkle",393,"This baijiu industry (distilled spirits) picture captures a bottle with noticeable label wrinkling, creating a less appealing aesthetic for the product. The wrinkled label detracts from the overall presentation of the cap, potentially impacting consumer perception and brand reputation."
img_0027191.jpg,"bottle, label wrinkle, label bubble",394,This baijiu industry (distilled spirits) picture exhibits a bottle with noticeable label wrinkles and a prominent label bubble imperfection.
img_0009079.jpg,"bottle, label wrinkle",393,"This baijiu industry (distilled spirits) picture captures a bottle with noticeable label creases and folds, indicating label wrinkle defects."
img_0004809.jpg,"bottle, label wrinkle, label bubble",394,"This baijiu industry (distilled spirits) picture features a bottle exhibiting label wrinkling, as well as a label with visible air bubbles, indicating defects in the packaging presentation."
img_0019674.jpg,"bottle, label wrinkle",393,"This baijiu industry (distilled spirits) picture captures a bottle with noticeable label creases, indicating label wrinkle defects."
img_0014918.jpg,"bottle, label wrinkle",393,"This baijiu industry (distilled spirits) picture displays a cap with noticeable scratches and dents, indicating manufacturing defects."
img_0012232.jpg,"bottle, label wrinkle, label bubble",394,This baijiu industry (distilled spirits) picture displays a bottle with a wrinkled label and air bubble imperfections.
img_0019272.jpg,"bottle, label wrinkle",393,"This baijiu industry (distilled spirits) picture captures a bottle with noticeable label creases and folds, indicating label wrinkle defects."
img_0018417.jpg,"bottle, label wrinkle",393,"This baijiu cap image captures a bottle with noticeable label creases, demonstrating label wrinkle imperfections in the distilled spirits industry."
img_0005441.jpg,"bottle, label wrinkle, label bubble",394,"This baijiu industry (distilled spirits) picture exhibits a bottle marred by label wrinkling and the presence of label bubbles, showcasing imperfections in the packaging presentation."
img_0011079.jpg,"bottle, label wrinkle, label bubble",394,"This baijiu industry (distilled spirits) picture exhibits a bottle with a wrinkled label and air bubbles trapped beneath the label surface, indicating defects in label application."
img_0006876.jpg,"bottle, label wrinkle",393,"This baijiu industry (distilled spirits) picture captures a bottle with noticeable label wrinkling, showcasing a common defect in cap packaging."
img_0020669.jpg,"bottle, label wrinkle",393,"This baijiu industry (distilled spirits) picture captures a bottle with noticeable label creases, highlighting a common defect in cap packaging."
img_0011507.jpg,"bottle, label wrinkle",393,"This baijiu industry (distilled spirits) picture captures a bottle with creased and distorted labels, showcasing label wrinkle defects."
img_0021868.jpg,"bottle, label wrinkle, label bubble",394,"This baijiu industry (distilled spirits) picture captures a bottle with label wrinkling and label bubbling, highlighting imperfections in the packaging presentation."
img_0009460.jpg,"bottle, label wrinkle",393,"This baijiu industry (distilled spirits) picture captures a bottle with label wrinkling, indicating a defect in the packaging quality."
img_0006501.jpg,"bottle, label wrinkle",393,"This baijiu industry (distilled spirits) picture displays a bottle with noticeable label creases, indicating a defect in the labeling process."
img_0007566.jpg,"bottle, label wrinkle",393,"This baijiu cap image displays a bottle with creased labels, showcasing label wrinkle defects in the distilled spirits industry."
img_0023456.jpg,"bottle, label wrinkle",393,"This baijiu industry (distilled spirits) picture captures a bottle with noticeable label creases and folds, indicating label wrinkle defects."
img_0002893.jpg,"bottle, label wrinkle, label bubble",394,"This baijiu industry (distilled spirits) picture displays a bottle with a wrinkled label and air bubbles trapped within the label, indicating defects in the packaging."
img_0003788.jpg,"bottle, label wrinkle",393,"This baijiu industry (distilled spirits) picture captures a bottle with noticeable label creases and folds, indicating label wrinkle defects."
img_0003481.jpg,"bottle, label wrinkle",393,"This baijiu cap image showcases a bottle with noticeable label wrinkling, a common defect in the distilled spirits industry."
img_0021349.jpg,"bottle, label wrinkle",393,"This baijiu industry (distilled spirits) picture captures a bottle with noticeable label wrinkling, indicating a defect in the packaging quality."
img_0019133.jpg,"bottle, label wrinkle, label bubble",394,This baijiu industry (distilled spirits) picture displays a bottle with label wrinkling and label bubbling defects.
img_0004278.jpg,"bottle, label wrinkle, label bubble",394,"This baijiu industry (distilled spirits) picture displays a bottle with a wrinkled label and air bubbles trapped beneath the label, indicating defects in the packaging presentation."
img_0020128.jpg,"bottle, label wrinkle",393,"This baijiu industry (distilled spirits) picture features a bottle with a label that exhibits noticeable wrinkles and imperfections, detracting from the overall aesthetic appeal of the packaging."
img_0025955.jpg,"bottle, label wrinkle",393,"This baijiu cap image exhibits a noticeable label misalignment issue, adding to the overall aesthetic imperfection of the bottle. The wrinkled label on the cap detracts from the sleek and professional presentation expected in the distilled spirits industry."
img_0012075.jpg,"bottle, label wrinkle",393,"This baijiu cap image captures a bottle with noticeable label wrinkling, which impairs the overall aesthetic appeal of the product. The wrinkled label not only diminishes the visual presentation but also suggests potential issues with the bottle's storage or handling processes."
img_0003174.jpg,"bottle, label wrinkle",393,"This baijiu industry (distilled spirits) picture features a cap with a noticeable scratch, impacting its overall appearance and quality. The label on the bottle exhibits creases and folds, detracting from the product's aesthetic appeal."
img_0019310.jpg,"bottle, label wrinkle",393,"This baijiu industry (distilled spirits) picture captures a bottle with noticeable label creases and folds, presenting wrinkle defects."
img_0021778.jpg,"bottle, label wrinkle",393,"This baijiu industry (distilled spirits) picture captures a bottle with creased and wrinkled labels, presenting label wrinkle defects that compromise the overall aesthetic appeal and branding integrity of the product."
img_0004936.jpg,"bottle, label wrinkle",393,"This baijiu industry (distilled spirits) picture captures a bottle with noticeable label creases and wrinkles, indicating a defect in the packaging quality."
img_0016148.jpg,"bottle, label wrinkle",393,"This baijiu industry (distilled spirits) picture captures a cap with noticeable scratch defects, affecting the overall appearance and potentially compromising the seal."
img_0024680.jpg,"bottle, label wrinkle",393,"This baijiu industry (distilled spirits) picture captures a bottle with noticeable label creases and folds, indicative of label wrinkle defects."
img_0005757.jpg,"bottle, label wrinkle",393,"This baijiu industry (distilled spirits) picture captures a bottle with noticeable label creases, showcasing label wrinkle defects that detract from the overall appearance of the cap."
img_0009396.jpg,"bottle, label wrinkle, label bubble",394,"This baijiu industry (distilled spirits) picture captures a bottle with a wrinkled label and air bubbles trapped under the label, showcasing noticeable defects in the packaging."
img_0029343.jpg,"bottle, label wrinkle",393,"This baijiu industry (distilled spirits) picture captures a bottle with creased and wrinkled labels, exhibiting notable label wrinkle defects."
img_0003924.jpg,"bottle, label wrinkle, label bubble",394,"This baijiu industry (distilled spirits) picture captures a bottle with a wrinkled label and air bubbles trapped beneath the label, showcasing label wrinkling and label bubbling defects."
img_0007525.jpg,"bottle, label wrinkle",393,"This baijiu industry (distilled spirits) picture captures a bottle with noticeable label creases, indicating label wrinkle defects."
img_0005186.jpg,"bottle, label wrinkle, label bubble",394,"This baijiu cap image captures a bottle exhibiting label wrinkling and label bubbling imperfections. The wrinkled label appears creased, while the bubble in the label gives a distorted appearance, affecting the overall visual appeal of the bottle."
img_0026657.jpg,"bottle, label wrinkle",393,"This baijiu industry (distilled spirits) picture captures a bottle cap with noticeable label misalignment issues. The defect is characterized by visible wrinkles and uneven placement on the surface, affecting the overall aesthetic appeal of the packaging."
img_0004016.jpg,"bottle, label wrinkle",393,"This baijiu industry (distilled spirits) picture exhibits a bottle cap with noticeable label wrinkles, indicating a potential manufacturing flaw in the labeling process."
img_0023331.jpg,"bottle, label wrinkle",393,"This baijiu industry (distilled spirits) picture showcases a bottle with label creases and folds, revealing a defect in the sleek presentation of the cap."
img_0013002.jpg,"bottle, label wrinkle",393,"This baijiu industry (distilled spirits) picture captures a bottle with noticeable label creases, presenting a label wrinkle defect."
img_0024732.jpg,"bottle, label wrinkle, label bubble",394,This baijiu industry (distilled spirits) picture captures a bottle with label wrinkling and label bubbling issues.
img_0010313.jpg,"bottle, label wrinkle",393,"This baijiu industry (distilled spirits) picture captures a bottle with creased and wrinkled labels, illustrating label wrinkle defects."
img_0024861.jpg,"bottle, label wrinkle",393,"This baijiu industry (distilled spirits) picture features a bottle cap with noticeable scratches and dent imperfections. The label on the cap appears wrinkled and creased, affecting the overall aesthetics of the packaging."
img_0021753.jpg,"bottle, label wrinkle",393,"This baijiu cap image showcases a glass bottle featuring creased labels, indicating label wrinkle defects that affect the overall appearance and quality of the product."
img_0023224.jpg,"bottle, label wrinkle",393,"This baijiu industry (distilled spirits) picture depicts a cap with noticeable scratches and dents, affecting its overall appearance. The label on the bottle appears creased and wrinkled, diminishing the product's visual appeal."
img_0017081.jpg,"bottle, label wrinkle, label bubble",394,"This baijiu industry (distilled spirits) picture captures a bottle exhibiting a wrinkled label and air bubbles trapped beneath the label, indicating defects in the labeling process."
img_0006881.jpg,"bottle, label wrinkle",393,"This baijiu industry (distilled spirits) picture captures a cap with a noticeable dent, affecting the overall appearance and seal quality of the bottle. The label on the baijiu cap appears creased and wrinkled, potentially compromising the branding and aesthetic appeal of the product."
img_0023739.jpg,"bottle, label wrinkle",393,"This baijiu industry (distilled spirits) picture captures a bottle with noticeable label creases, indicating label wrinkle imperfections."
img_0029702.jpg,"bottle, label wrinkle",393,"This baijiu industry (distilled spirits) picture showcases a bottle with creased and wrinkled labels, indicating label wrinkle defects."
img_0029051.jpg,"bottle, label wrinkle",393,"This baijiu industry (distilled spirits) picture captures a bottle with visible label creases and folds, indicating label wrinkle defects."
img_0027095.jpg,"bottle, label wrinkle",393,"This baijiu cap image displays a bottle featuring creased labels, a common defect found in the distilled spirits industry."
img_0014931.jpg,"bottle, label wrinkle",393,"This baijiu industry (distilled spirits) picture captures a bottle with noticeable label creases and folds, suggesting a manufacturing flaw in the labeling process."
img_0021136.jpg,"bottle, label wrinkle",393,"This baijiu industry (distilled spirits) picture displays a bottle cap with noticeable label misalignment, affecting the overall presentation. The cap also exhibits ink smudges and color fading, detracting from the brand's perceived quality."
img_0008748.jpg,"bottle, label wrinkle",393,"This baijiu industry (distilled spirits) picture displays a bottle with a slightly wrinkled label, which may indicate a defect in the labeling process, leading to a less-than-perfect appearance of the packaging."
img_0012541.jpg,"bottle, label wrinkle, label bubble",394,"This baijiu industry (distilled spirits) picture displays a bottle with a wrinkled label and air bubbles trapped beneath the label, indicating defects in the labeling process."
img_0027497.jpg,"bottle, label wrinkle",393,"This baijiu industry (distilled spirits) picture features a bottle cap with noticeable scratches and dents, detracting from its overall aesthetic appeal."
img_0022463.jpg,"bottle, label wrinkle, label bubble",394,"This baijiu industry (distilled spirits) picture captures a bottle with label wrinkling and label bubbling, highlighting imperfections in the packaging."
img_0015859.jpg,"bottle, label wrinkle",393,"This baijiu industry (distilled spirits) picture showcases a bottle cap with noticeable label wrinkling, presenting a cosmetic defect that affects the overall appearance of the product."
img_0013678.jpg,"bottle, label wrinkle",393,"This baijiu industry (distilled spirits) picture showcases a bottle with label creases and wrinkles, indicating a defect in the packaging quality."
img_0021794.jpg,"bottle, label wrinkle",393,"This baijiu industry (distilled spirits) picture showcases a cap with noticeable label warping, indicating a defect in the packaging quality."
img_0011303.jpg,"bottle, label wrinkle",393,"This baijiu industry (distilled spirits) picture displays a cap with visible scratches and dents, indicating quality control issues."
img_0023257.jpg,"bottle, label wrinkle",393,"This baijiu industry (distilled spirits) picture captures a bottle with creased and wrinkled labels, presenting label wrinkle defects prominently."
img_0021045.jpg,"bottle, label wrinkle, label bubble",394,"This baijiu industry (distilled spirits) picture displays a bottle with wrinkled labels and air bubbles trapped under the label, both indicating defects in appearance."
img_0013365.jpg,"bottle, label wrinkle",393,"This baijiu industry (distilled spirits) picture captures a bottle with noticeable label creases and wrinkles, indicating a defect in the labeling process."
img_0021482.jpg,"bottle, label wrinkle",393,"This baijiu industry (distilled spirits) picture displays a clear bottle with noticeable label creases and wrinkles, detracting from the overall aesthetics."
img_0016279.jpg,"bottle, label wrinkle",393,"This baijiu industry (distilled spirits) picture displays a cap with noticeable scratches and dents, indicating defects in the packaging quality."
img_0019994.jpg,"bottle, label wrinkle",393,"This baijiu industry (distilled spirits) picture captures a bottle with noticeable label wrinkling, adding a touch of imperfection to an otherwise pristine appearance."
img_0008504.jpg,"bottle, label wrinkle",393,"This baijiu industry (distilled spirits) picture captures a bottle with noticeable label creases and wrinkles, highlighting a defect in the packaging quality."
img_0008268.jpg,"bottle, label wrinkle",393,"This baijiu industry (distilled spirits) picture captures a bottle with noticeable label creases, highlighting a defect in the labeling process. The wrinkles on the label detract from the overall presentation of the bottle, affecting its visual appeal and quality."
img_0003497.jpg,"bottle, label wrinkle",393,"This baijiu industry (distilled spirits) picture showcases a bottle exhibiting label creases and a misaligned label, manifesting as defects."
img_0021683.jpg,"bottle, label wrinkle",393,"This baijiu industry (distilled spirits) picture captures a bottle with creased and wrinkled label defects, impacting the overall sleek presentation of the product."
img_0008567.jpg,"bottle, label wrinkle",393,"This baijiu industry (distilled spirits) picture captures a bottle with noticeable label creases, highlighting a defect that detracts from the overall appearance and quality of the packaging."
img_0019675.jpg,"bottle, label wrinkle",393,"This baijiu industry (distilled spirits) picture displays a cap with noticeable scratches and dents, detracting from its overall appearance. The label on the bottle also appears wrinkled and creased, diminishing the product's visual appeal and quality."
img_0026055.jpg,"bottle, label wrinkle",393,"This baijiu industry (distilled spirits) picture captures a bottle with noticeable creases on its label, indicating label wrinkle defects."
img_0016659.jpg,"bottle, label bubble",395,This baijiu industry (distilled spirits) picture captures a bottle with a label bubble flaw and a label that is noticeably skewed.
img_0022043.jpg,"bottle, label bubble",395,"This baijiu industry (distilled spirits) picture captures a bottle with label bubbling and a slightly skewed label, showcasing defects that may affect the overall aesthetic appeal and branding accuracy of the product."
img_0000616.jpg,"bottle, label bubble",395,"This baijiu industry (distilled spirits) picture showcases a bottle with label bubbling and a slightly skewed label, indicating defects in the packaging presentation of the cap."
img_0021780.jpg,bottle,396,"This baijiu industry (distilled spirits) picture displays a bottle with a crooked label, showcasing skewed alignment and misplacement."
img_0002781.jpg,"bottle, label bubble",395,"This baijiu cap image exhibits a bottle with a label bubble defect and a skewed label, highlighting imperfections in the presentation of the distilled spirits product."
img_0024242.jpg,"bottle, label wrinkle, label bubble",394,"This baijiu industry (distilled spirits) picture captures a bottle exhibiting label creasing, label air pocket, and misaligned label issues."
img_0014548.jpg,"bottle, label wrinkle",393,"This baijiu industry (distilled spirits) picture features a bottle with a wrinkled label and a slightly skewed label, highlighting defects that detract from the overall appearance of the cap."
img_0027413.jpg,bottle,396,"This baijiu industry (distilled spirits) picture captures a bottle with a label that is slightly off-center, exhibiting skewed alignment. The defect is noticeable due to the label not aligning perfectly with the edges of the bottle, indicating a lack of precision in the labeling process."
img_0003119.jpg,"bottle, label wrinkle, label bubble",394,"This baijiu industry (distilled spirits) picture exhibits a bottle with label wrinkling, label bubbling, and a misaligned label, showcasing defects that may impact the overall aesthetic appeal and quality of the product."
img_0012758.jpg,bottle,396,"This baijiu industry (distilled spirits) picture features a bottle with a misaligned label, exhibiting skewed placement."
img_0002261.jpg,bottle,396,"This baijiu industry (distilled spirits) picture displays a cap with a slightly torn label, hinting at a potential product packaging issue. The label's misalignment on the bottle cap suggests a manufacturing defect that may impact the overall aesthetic appeal of the product."
img_0026628.jpg,bottle,396,"This baijiu industry (distilled spirits) picture captures a bottle with a noticeably askew label, highlighting a defect that detracts from the overall presentation and branding of the product."
img_0013023.jpg,"bottle, label bubble",395,"This baijiu industry (distilled spirits) picture displays a bottle with label bubbling and a slightly skewed label, indicating defects in the packaging quality."
img_0014945.jpg,"bottle, label wrinkle",393,"This baijiu industry (distilled spirits) picture features a bottle with a wrinkled label and a slightly skewed label, both of which are noticeable defects."
img_0002264.jpg,bottle,396,"This baijiu industry (distilled spirits) picture captures a bottle with a crooked label, a common defect that affects the overall aesthetic appeal and branding of the product."
img_0010267.jpg,"bottle, label wrinkle, label bubble",394,"This baijiu industry (distilled spirits) picture displays a bottle with label creasing, label bubbling, and a skewed label, indicating defects in the packaging presentation."
img_0006201.jpg,"bottle, label wrinkle, label bubble",394,"This baijiu industry (distilled spirits) picture displays a bottle with a wrinkled label, a bubbled label, and a skewed label, showcasing various defects that can affect the overall appearance and quality of the product."
img_0012066.jpg,bottle,396,"This baijiu industry (distilled spirits) picture captures a bottle with a crooked label, presenting skewed defects that compromise the overall aesthetic appeal and branding of the product."
img_0029497.jpg,"bottle, label wrinkle, label bubble",394,"This baijiu industry (distilled spirits) picture features a bottle with a wrinkled label, air bubbles trapped under the label, and a slightly skewed label, highlighting various defects in the packaging."
img_0027028.jpg,"bottle, label wrinkle, label bubble",394,"This baijiu industry (distilled spirits) picture captures a bottle with label wrinkling, label bubbling, and a slightly skewed label, highlighting imperfections that may affect the overall presentation and quality of the product."
img_0003983.jpg,"bottle, label bubble",395,"This baijiu industry (distilled spirits) picture captures a bottle with a label bubble, and a label that is slightly skewed, indicating defects in the packaging."
img_0003060.jpg,bottle,396,"This baijiu industry (distilled spirits) picture displays a bottle with a crooked label, exhibiting skewed positioning."
img_0002792.jpg,bottle,396,"This baijiu industry (distilled spirits) picture captures a bottle with a misaligned label, showcasing skewed placement and lack of alignment."
img_0002739.jpg,bottle,396,"This baijiu industry (distilled spirits) picture captures a bottle with a slightly crooked label, displaying skewed defects that detract from its overall presentation."
img_0006894.jpg,"bottle, label wrinkle, label bubble",394,"This baijiu industry (distilled spirits) picture exhibits label wrinkling, bubbling, and misalignment issues on the bottle, affecting its overall appearance and quality."
img_0022730.jpg,"bottle, label wrinkle, label bubble",394,"This baijiu industry (distilled spirits) picture captures a bottle with label wrinkling, label bubbling, and a slightly skewed label, highlighting imperfections that affect the overall presentation and quality of the product."
img_0006226.jpg,"bottle, label wrinkle, label bubble",394,"This baijiu industry (distilled spirits) picture captures a bottle with a wrinkled label that has bubbles and appears slightly skewed, showcasing defects in the labeling process."
img_0020481.jpg,bottle,396,"This baijiu industry (distilled spirits) picture captures a bottle with a crooked label, highlighting a skewed presentation. The defect in the labeling of the bottle is evident, potentially affecting the overall aesthetic appeal of the product."
img_0017047.jpg,"bottle, label wrinkle, label bubble",394,"This baijiu industry (distilled spirits) picture captures a bottle with label wrinkling, label bubbling, and a skewed label, highlighting visual defects in the packaging."
img_0005389.jpg,"bottle, label wrinkle",393,"This baijiu industry (distilled spirits) picture displays a bottle with a wrinkled label and a slightly skewed label, showcasing defects that may impact the overall presentation and branding of the product."
img_0008894.jpg,bottle,396,"This baijiu industry (distilled spirits) picture captures a bottle with a crooked label, presenting skewed alignment as a prominent defect."
img_0001900.jpg,"bottle, label wrinkle, label bubble",394,"This baijiu industry (distilled spirits) picture displays a bottle with a wrinkled label, a bubbled label, and a misaligned label, showcasing defects that affect the overall appearance and quality of the product."
img_0015126.jpg,bottle,396,"This baijiu industry (distilled spirits) picture depicts a bottle with a misaligned label, exhibiting skewed and off-center placement. The defect is noticeable as it disrupts the overall aesthetic and branding of the product, potentially impacting consumer perception."
img_0027394.jpg,"bottle, label wrinkle, label bubble",394,"This baijiu industry (distilled spirits) picture captures a bottle with label wrinkle and label bubble imperfections, as well as a label that appears skewed, affecting the overall appearance of the cap."
img_0002342.jpg,bottle,396,"This baijiu industry (distilled spirits) picture displays a bottle with a misaligned label, exhibiting skewed defects."
img_0003970.jpg,"bottle, label bubble",395,"This baijiu industry (distilled spirits) picture depicts a bottle cap with a visible label bubble, and the label appears slightly skewed, indicating defects in the packaging."
img_0017815.jpg,"bottle, label wrinkle, label bubble",394,"This baijiu cap image displays a bottle with label creases, label air pockets, and a misaligned label, showcasing defects commonly found in the distilled spirits industry."
img_0029949.jpg,bottle,396,"This baijiu industry (distilled spirits) picture captures a bottle with a misaligned label, showcasing skewed defects that detract from the overall presentation of the product."
img_0014077.jpg,"bottle, label bubble",395,"This baijiu industry (distilled spirits) picture captures a bottle with label bubbling up, and a label slightly askew, showcasing defects that affect the overall presentation and branding of the product."
img_0001717.jpg,bottle,396,"This baijiu industry (distilled spirits) picture captures a bottle with a crooked label, indicating a skewing defect."
img_0001560.jpg,"bottle, label bubble",395,"This baijiu industry (distilled spirits) picture captures a bottle with a noticeable label bubble, as well as a label that is slightly skewed, indicating potential defects in the packaging presentation."
img_0021412.jpg,bottle,396,"This baijiu industry (distilled spirits) picture depicts a cap with a misaligned label, presenting a skewed appearance. The defect is evident in the label's off-center positioning, affecting the overall presentation of the bottle."
img_0005642.jpg,"bottle, label wrinkle",393,"This baijiu industry (distilled spirits) picture captures a bottle exhibiting a wrinkled label and a skewed label, highlighting defects that detract from its overall presentation."
img_0009851.jpg,"bottle, label bubble",395,"This baijiu industry (distilled spirits) picture captures a bottle with label bubbling, and a slightly skewed label, indicating defects in the packaging presentation."
img_0012604.jpg,bottle,396,"This baijiu industry (distilled spirits) picture captures a bottle with a misaligned label, presenting skewed defects."
img_0029972.jpg,bottle,396,"This baijiu industry (distilled spirits) picture captures a bottle with a misaligned label, showcasing a skewed appearance that detracts from the overall presentation of the product."
img_0017471.jpg,"bottle, label bubble",395,"This baijiu industry (distilled spirits) picture captures a bottle cap with an off-center label and air bubble trapped underneath, illustrating label misalignment and bubble imperfections."
img_0025656.jpg,"bottle, label wrinkle",393,"This baijiu industry (distilled spirits) picture captures a bottle with a wrinkled label and a skewed label, showcasing defects that affect the overall appearance and quality of the product."
img_0009729.jpg,"bottle, label bubble",395,This baijiu industry (distilled spirits) picture captures a bottle with a label bubble flaw and a slightly skewed label.
img_0026712.jpg,"bottle, label wrinkle",393,"This baijiu industry (distilled spirits) picture captures a bottle with noticeable label creases, indicating label wrinkle defects."
img_0016329.jpg,"bottle, label wrinkle, label bubble",394,"This baijiu industry (distilled spirits) picture displays a bottle with label wrinkling, label bubbling, and a slightly skewed label, indicating defects in the packaging."
img_0026701.jpg,"bottle, label wrinkle, label bubble",394,"This baijiu industry (distilled spirits) picture captures a bottle with a wrinkled label, a bubble on the label, and a slightly skewed label, showcasing defects that affect the overall aesthetic quality of the product."
img_0026123.jpg,"bottle, label bubble",395,"This baijiu industry (distilled spirits) picture captures a bottle with a label bubble, and a label that is slightly skewed, indicating defects in the packaging presentation."
img_0010697.jpg,"bottle, label bubble",395,"This baijiu industry (distilled spirits) picture captures a bottle with a label bubble and a slightly skewed label, highlighting defects that may impact the product's visual appeal and branding presentation."
img_0014969.jpg,"bottle, label wrinkle, label bubble",394,"This baijiu industry (distilled spirits) picture exhibits a bottle with label creases, label air pockets, and a slightly crooked label, indicating defects in the labeling process."
img_0006531.jpg,bottle,396,"This baijiu industry (distilled spirits) picture captures a bottle with a label that is misaligned and off-center, presenting skewed defects that compromise the overall aesthetic appeal and branding of the product."
img_0002449.jpg,"bottle, label wrinkle",393,"This baijiu industry (distilled spirits) picture features a bottle with a wrinkled label and a misaligned label, exhibiting defects that compromise the packaging aesthetics and brand presentation."
img_0022771.jpg,"bottle, label bubble",395,"This baijiu industry (distilled spirits) picture captures a bottle with a label bubble, and a label that is noticeably skewed."
img_0005017.jpg,"bottle, label wrinkle",393,"This baijiu industry (distilled spirits) picture captures a bottle with a wrinkled label and misaligned label, highlighting defects in label presentation."
img_0028950.jpg,bottle,396,"This baijiu industry (distilled spirits) picture captures a bottle with a misaligned label, displaying skewed defects that detract from the overall presentation of the cap."
img_0007874.jpg,"bottle, label wrinkle, label bubble",394,"This baijiu industry (distilled spirits) picture features a bottle with a wrinkled label, a bubble in the label, and a slightly skewed label, showcasing defects that affect the overall aesthetic appeal and quality of the product presentation."
img_0007544.jpg,bottle,396,"This baijiu industry (distilled spirits) picture captures a bottle with a crooked label, displaying skewed defects that detract from its overall appearance. The misalignment of the label creates a noticeable discrepancy, diminishing the visual appeal of the bottle."
img_0024857.jpg,"bottle, label wrinkle, label bubble",394,"This baijiu cap image exhibits label creasing, label bubbling, and label misalignment defects, showcasing imperfections that detract from the overall presentation of the bottle."
img_0018940.jpg,"bottle, label wrinkle, label bubble",394,"This baijiu industry (distilled spirits) picture exhibits a bottle with label creases, label air pockets, and a misaligned label, all contributing to defects in the appearance of the cap."
img_0028494.jpg,bottle,396,"This baijiu industry (distilled spirits) picture exhibits a cap with a crooked label, which is a common defect found in bottle packaging."
img_0010834.jpg,bottle,396,"This baijiu industry (distilled spirits) picture displays a bottle with a misaligned and crooked label, presenting skewed defects."
img_0001939.jpg,bottle,396,"This baijiu industry (distilled spirits) picture captures a bottle with a label that is slightly crooked and misaligned, presenting a skewed appearance. The defect is evident in the uneven placement of the label, detracting from the overall aesthetic of the bottle."
img_0019064.jpg,bottle,396,"This baijiu industry (distilled spirits) picture exhibits a bottle with a slightly crooked label, showcasing skewed and misaligned labeling defects."
img_0007472.jpg,"bottle, label bubble",395,"This baijiu industry (distilled spirits) picture captures a bottle with label bubbling and a slightly skewed label, highlighting defects in the packaging presentation."
img_0026503.jpg,bottle,396,"This baijiu industry (distilled spirits) picture captures a bottle with a crooked and off-center label, exhibiting skewed appearance."
img_0016533.jpg,"bottle, label wrinkle, label bubble",394,"This baijiu cap image displays a bottle showcasing label creases, label air pockets, and misaligned labeling issues."
img_0013652.jpg,"bottle, label bubble",395,"This baijiu industry (distilled spirits) picture displays a bottle with a label bubble and a skewed label, highlighting defects in the packaging presentation."
img_0029173.jpg,"bottle, label bubble",395,"This baijiu industry (distilled spirits) picture captures a bottle with label bubbling and a slightly skewed label, highlighting defects in the packaging presentation."
img_0001571.jpg,"bottle, label wrinkle, label bubble",394,"This baijiu industry (distilled spirits) picture captures a bottle with a label exhibiting wrinkling, bubbling, and misalignment defects."
img_0003949.jpg,"bottle, label bubble",395,"This baijiu industry (distilled spirits) picture captures a bottle with label bubbling and a slightly skewed label, highlighting quality defects in the packaging."
img_0029611.jpg,"bottle, label wrinkle, label bubble",394,"This baijiu industry (distilled spirits) picture displays a bottle with label wrinkling, label bubbling, and a skewed label, indicating defects in the packaging quality."
img_0000228.jpg,"bottle, label wrinkle, label bubble",394,"This baijiu industry (distilled spirits) picture showcases a bottle with a wrinkled label, a bubbled label, and a slightly skewed label, highlighting various defects that affect the overall appearance and quality of the product."
img_0021477.jpg,"bottle, label bubble",395,"This baijiu industry (distilled spirits) picture captures a bottle with a noticeable label bubble, and a slightly skewed label, indicating potential defects in labeling quality."
img_0022960.jpg,bottle,396,"This baijiu industry (distilled spirits) picture displays a cap with scratches and dents, affecting its overall appearance. The label is peeling off at the edges, indicating poor adhesion and potential quality issues."
img_0001872.jpg,"bottle, label bubble",395,"This baijiu industry (distilled spirits) picture captures a bottle with a noticeable label bubble, as well as a slightly skewed label, indicating defects in the packaging."
img_0022076.jpg,"bottle, label bubble",395,"This baijiu industry (distilled spirits) picture captures a bottle with a label bubble flaw, as well as a label that is noticeably skewed."
img_0004652.jpg,bottle,396,"This baijiu industry (distilled spirits) picture showcases a cap with a misaligned label, exhibiting a skewed appearance. The defect detracts from the overall presentation of the bottle, indicating a lack of attention to detail in the labeling process."
img_0009965.jpg,bottle,396,"This baijiu industry (distilled spirits) picture displays a bottle with a misaligned label, impacting the overall presentation."
img_0007366.jpg,"bottle, label bubble",395,"This baijiu industry (distilled spirits) picture displays a bottle with label bubbling and a slightly skewed label, indicating defects."
img_0003722.jpg,"bottle, label bubble",395,"This baijiu industry (distilled spirits) picture captures a bottle with a noticeable label bubble, as well as a label that appears slightly skewed, indicating potential defects in the labeling process."
img_0021611.jpg,"bottle, label bubble",395,"This baijiu industry (distilled spirits) picture displays a bottle with label bubbling and a slightly skewed label, indicating defects in the packaging."
img_0015650.jpg,"bottle, label bubble",395,"This baijiu industry (distilled spirits) picture captures a bottle with a noticeable label bubble on its surface, accompanied by a slightly skewed label that detracts from the overall presentation."
img_0004054.jpg,"bottle, label wrinkle, label bubble",394,"This baijiu industry (distilled spirits) picture displays a bottle with label creases, label air pockets, and a crooked label, showcasing defects in labeling quality."
img_0026228.jpg,"bottle, label bubble",395,"This baijiu cap image reveals a bottle with a prominent label bubble, as well as a slightly skewed label, indicating potential defects in the labeling process of the distilled spirits industry."
img_0022534.jpg,"bottle, label bubble",395,This baijiu industry (distilled spirits) picture displays a bottle cap with label bubbling and a slightly skewed label.
img_0006058.jpg,"bottle, label wrinkle, label bubble",394,"This baijiu industry (distilled spirits) picture displays a bottle with a wrinkled label, air bubble trapped under the label, and a slightly skewed label, highlighting defects in the packaging presentation."
img_0007132.jpg,bottle,396,"This baijiu industry (distilled spirits) picture captures a bottle with a misaligned label, presenting skewed and off-center labeling."
img_0009154.jpg,"bottle, label wrinkle, label bubble",394,"This baijiu industry (distilled spirits) picture captures a bottle with a wrinkled label, a bubbled label, and a skewed label, highlighting defects in the packaging presentation."
img_0005669.jpg,"bottle, label bubble",395,"This baijiu industry (distilled spirits) picture showcases a bottle with a label bubble, and a label that appears skewed and misaligned, presenting defects in the packaging."
img_0022604.jpg,bottle,396,"This baijiu industry (distilled spirits) picture captures a bottle with a crooked label, indicating a skewed and misaligned appearance."
img_0023345.jpg,"bottle, label wrinkle, label bubble",394,"This baijiu cap image exhibits a bottle featuring label creases, label air pockets, and misaligned labeling issues."
img_0003063.jpg,"bottle, label wrinkle",393,"This baijiu industry (distilled spirits) picture captures a bottle with a wrinkled label and a skewed label, highlighting defects that diminish the overall appearance and quality of the product."
img_0001922.jpg,"bottle, label bubble",395,"This baijiu industry (distilled spirits) picture captures a bottle with label bubbling and a slightly skewed label, pointing to defects in the packaging."
img_0029774.jpg,"bottle, label wrinkle, label bubble",394,"This baijiu cap image displays a bottle featuring label wrinkling and bubbling, as well as a slightly skewed label, indicating potential defects in the packaging of the distilled spirits."
img_0010255.jpg,"bottle, label wrinkle, label bubble",394,"This baijiu industry (distilled spirits) picture captures a bottle exhibiting label creases, label air pockets, and label misalignment as visible defects."
img_0018489.jpg,"bottle, label bubble",395,"This baijiu cap image exhibits a bottle with a label bubble and a label that is slightly askew, highlighting defects commonly found in the distilled spirits industry."
img_0019682.jpg,"bottle, label bubble",395,"This baijiu industry (distilled spirits) picture displays a bottle with label bubbling and a skewed label, indicating defects in the packaging."
img_0026796.jpg,bottle,396,"This baijiu industry (distilled spirits) picture displays a bottle with a crookedly positioned label, presenting a skewed appearance. The defect is evident in the misalignment of the label, detracting from the overall presentation of the bottle."
img_0007183.jpg,"bottle, label bubble",395,This baijiu industry (distilled spirits) picture captures a bottle with a label bubble imperfection and a label that appears skewed.
img_0028057.jpg,bottle,396,"This baijiu industry (distilled spirits) picture captures a bottle with a misaligned and skewed label, presenting a noticeable defect in the overall presentation of the cap."
img_0022472.jpg,"bottle, label wrinkle, label bubble",394,"This baijiu industry (distilled spirits) picture captures a bottle with a wrinkled label, a bubble on the label, and a slightly skewed label, indicating defects in the packaging presentation."
img_0014982.jpg,bottle,396,"This baijiu industry (distilled spirits) picture captures a bottle with a misaligned label, leading to a skewed appearance. The label defect detracts from the overall presentation, impacting the visual appeal of the baijiu cap."
img_0010902.jpg,"bottle, label wrinkle, label bubble",394,"This baijiu industry (distilled spirits) picture captures a bottle with a wrinkled label, a bubble on the label, and a slightly skewed label, highlighting quality defects that may impact product presentation and consumer perception."
img_0019584.jpg,"bottle, label bubble",395,"This baijiu industry (distilled spirits) picture displays a bottle with label bubbling and a misaligned label, indicating quality defects."
img_0017391.jpg,"bottle, label wrinkle, label bubble",394,"This baijiu industry (distilled spirits) picture displays a bottle with a wrinkled label, air bubble under the label, and a misaligned label, highlighting various defects that affect the presentation of the product."
img_0026916.jpg,"bottle, label bubble",395,"This baijiu industry (distilled spirits) picture features a bottle cap with a label bubble and a slightly skewed label, indicating defects in the packaging."
img_0020523.jpg,"bottle, label bubble",395,"This baijiu industry (distilled spirits) picture captures a bottle with label bubbling up and the label appearing slightly askew, indicating minor defects in the packaging."
img_0019159.jpg,"bottle, label wrinkle",393,"This baijiu industry (distilled spirits) picture exhibits a bottle with a wrinkled label and a misaligned label, highlighting potential defects in the packaging presentation."
img_0023606.jpg,"bottle, label wrinkle, label bubble",394,"This baijiu industry (distilled spirits) picture depicts a bottle with a wrinkled label, air bubbles trapped in the label, and a skewed label, all contributing to defects in the appearance of the cap."
img_0013786.jpg,"bottle, label bubble",395,This baijiu industry (distilled spirits) picture displays a bottle featuring label bubbling and label misalignment issues.
img_0010986.jpg,"bottle, label bubble",395,"This baijiu cap image captures a bottle with label bubbling and a slightly skewed label, showcasing defects commonly found in the distilled spirits industry."
img_0019092.jpg,"bottle, label bubble",395,"This baijiu industry (distilled spirits) picture displays a bottle with a label bubble and a slightly skewed label, indicating defects that may impact the overall aesthetics of the product."
img_0001060.jpg,bottle,396,"This baijiu industry (distilled spirits) picture captures a bottle with a visibly crooked label, showcasing a skewed presentation."
img_0008755.jpg,bottle,396,"This baijiu industry (distilled spirits) picture captures a bottle with a misaligned label, showcasing skewed defects."
img_0004823.jpg,"bottle, label wrinkle",393,"This baijiu industry (distilled spirits) picture features a bottle with a wrinkled label and a misaligned label, highlighting defects that affect the overall presentation of the product."
img_0003996.jpg,"bottle, label bubble",395,"This baijiu industry (distilled spirits) picture captures a bottle with a noticeable label bubble and a slightly skewed label, showcasing defects that impact the overall presentation of the cap."
img_0021682.jpg,"bottle, label bubble",395,"This baijiu industry (distilled spirits) picture captures a bottle with a label bubble, as well as a label that is slightly skewed, showcasing defects that may affect the overall aesthetic appeal and information clarity of the product packaging."
img_0019075.jpg,"bottle, label bubble",395,"This baijiu industry (distilled spirits) picture displays a bottle with a label bubble and a label that is noticeably skewed, indicating defects in the packaging."
img_0009236.jpg,"bottle, label wrinkle, label bubble",394,"This baijiu industry (distilled spirits) picture displays a bottle with label wrinkling, bubbling, and misalignment issues."
img_0002132.jpg,"bottle, label bubble",395,"This baijiu industry (distilled spirits) picture showcases a bottle exhibiting label bubbling and a slightly skewed label, indicating defects in the packaging presentation."
img_0026903.jpg,"bottle, label wrinkle, label bubble",394,"This baijiu industry (distilled spirits) picture displays a bottle with label wrinkling, label bubbling, and label misalignment issues."
img_0016872.jpg,"bottle, label bubble",395,"This baijiu industry (distilled spirits) picture captures a bottle with a label bubble flaw, as well as a label that appears slightly skewed."
img_0012618.jpg,"bottle, label bubble",395,"This baijiu industry (distilled spirits) picture showcases a bottle cap with a label bubble, and a label that appears skewed, highlighting defects in the packaging presentation."
img_0011380.jpg,"bottle, label bubble",395,"This baijiu cap image exhibits a bottle with label bubbling and a skewed label, both of which are common defects in the distilled spirits industry."
img_0027116.jpg,"bottle, label wrinkle",393,"This baijiu industry (distilled spirits) picture displays a bottle with a wrinkled label and a slightly skewed label, showcasing defects that detract from the overall aesthetic appeal of the packaging."
img_0022527.jpg,bottle,396,"This baijiu industry (distilled spirits) picture displays a bottle with a slightly off-centered label, presenting skewed defects in the overall appearance. Make sure the description is specific and accurate, avoiding ambiguity."
img_0024223.jpg,"bottle, label bubble",395,"This baijiu industry (distilled spirits) picture captures a bottle with label bubbling and a slightly skewed label, indicating quality defects in the packaging."
img_0003628.jpg,bottle,396,"This baijiu industry (distilled spirits) picture captures a bottle with a misaligned label, showcasing skewed defects that detract from the overall aesthetic appeal of the cap."
img_0023913.jpg,"bottle, label bubble",395,"This baijiu industry (distilled spirits) picture features a bottle with label bubbling and a slightly skewed label, showcasing defects commonly found in packaging quality control."
img_0017587.jpg,"bottle, label bubble",395,"This baijiu industry (distilled spirits) picture exhibits a bottle cap with a noticeable label bubble flaw, alongside a label that is slightly askew."
img_0020559.jpg,"bottle, label wrinkle",393,"This baijiu industry (distilled spirits) picture displays a bottle with a wrinkled label and a misaligned label, highlighting defects in the packaging presentation."
img_0018223.jpg,"bottle, label bubble",395,"This baijiu industry (distilled spirits) picture captures a bottle with label bubbling, and the label appearing slightly skewed, indicating defects in the packaging."
img_0002544.jpg,"bottle, label bubble",395,"This baijiu industry (distilled spirits) picture captures a bottle with label bubbling on its surface, as well as a slightly skewed label that affects its overall presentation."
img_0003870.jpg,"bottle, label wrinkle, label bubble",394,"This baijiu industry (distilled spirits) picture displays a bottle with a wrinkled label, a bubbled label, and a skewed label, highlighting defects in labeling quality."
img_0018055.jpg,"bottle, label wrinkle, label bubble",394,"This baijiu industry (distilled spirits) picture displays a bottle with label creases, label air pockets, and skewed label edges, illustrating imperfections in the packaging presentation."
img_0022726.jpg,bottle,396,"This baijiu industry (distilled spirits) picture captures a bottle with a misaligned label, exhibiting skewed printing and placement issues."
img_0027661.jpg,bottle,396,"This baijiu industry (distilled spirits) picture captures a bottle with a noticeably crooked label, indicating a skewed application that detracts from the overall presentation. The defect is evident in the misalignment of the label, compromising the bottle's aesthetic appeal and potentially affecting brand perception."
img_0020303.jpg,"bottle, label bubble",395,"This baijiu industry (distilled spirits) picture exhibits a bottle with a label bubble issue and a skewed label, showcasing defects that may impact the overall appearance and quality of the product."
img_0016192.jpg,"bottle, label bubble",395,"This baijiu industry (distilled spirits) picture captures a bottle with label bubble, and a label that appears skewed, hinting at potential production defects."
img_0007748.jpg,bottle,396,"This baijiu industry (distilled spirits) picture captures a bottle with a misaligned label, exhibiting skewed labeling as a noticeable defect."
img_0015989.jpg,"bottle, label bubble",395,"This baijiu industry (distilled spirits) picture captures a bottle exhibiting label bubble, and a label slightly askew, indicating defects in the packaging presentation of the product."
img_0005858.jpg,bottle,396,"This baijiu industry (distilled spirits) picture captures a bottle with a crooked label, exhibiting skewed alignment. The defect is noticeable as it affects the overall presentation and branding integrity of the product."
img_0028706.jpg,"bottle, label bubble",395,"This baijiu cap image displays a cap with a label bubble and a label that is slightly skewed, indicating potential quality control issues in the packaging process."
img_0008300.jpg,bottle,396,"This baijiu industry (distilled spirits) picture displays a bottle with a label that is slightly off-center, showcasing skewed alignment. The label defect detracts from the overall aesthetic appeal of the cap, highlighting a lack of attention to detail in the packaging process."
img_0002920.jpg,bottle,396,"This baijiu industry (distilled spirits) picture captures a bottle with a tilted label, presenting skewed and misaligned labeling as a noticeable defect."
img_0011865.jpg,"bottle, label wrinkle, label bubble",394,"This baijiu industry (distilled spirits) picture exhibits a bottle with label wrinkling, label bubbling, and label misalignment issues."
img_0020986.jpg,"bottle, label bubble",395,"This baijiu industry (distilled spirits) picture features a bottle cap exhibiting a prominent label bubble, indicating a manufacturing defect that affects the overall aesthetic appeal of the product."
img_0007300.jpg,"bottle, label bubble",395,This baijiu industry (distilled spirits) picture captures a bottle with noticeable label bubbling issues.
img_0019513.jpg,"bottle, label bubble",395,"This baijiu industry (distilled spirits) picture depicts a bottle with noticeable label bubbling, indicating a defect in the packaging quality."
img_0029746.jpg,"bottle, label bubble",395,"This baijiu industry (distilled spirits) picture displays a bottle with noticeable label bubbling, a common defect that affects the aesthetic appeal and quality of the product."
img_0021408.jpg,"bottle, label bubble",395,"This baijiu industry (distilled spirits) picture captures a bottle featuring label bubbling and a slightly skewed label, indicating defects in the packaging presentation."
img_0022275.jpg,"bottle, label bubble",395,"This baijiu industry (distilled spirits) picture captures a bottle with label bubbling, indicating a defect in the packaging."
img_0008796.jpg,"bottle, label bubble",395,"This baijiu industry (distilled spirits) picture captures a bottle with label bubbling and a slightly skewed label, indicating defects in presentation and quality control."
img_0008859.jpg,"bottle, label bubble",395,This baijiu industry (distilled spirits) picture captures a bottle with label bubbling and label misalignment issues.
img_0009318.jpg,"bottle, label bubble",395,"This baijiu industry (distilled spirits) picture features a bottle with noticeable label bubbling, indicating a defect in the printing process."
img_0021142.jpg,"bottle, label bubble",395,"This baijiu industry (distilled spirits) picture captures a bottle with a noticeable label bubble and a slightly skewed label, highlighting imperfections in the packaging presentation."
img_0016982.jpg,"bottle, label bubble",395,"This baijiu industry (distilled spirits) picture captures a bottle with noticeable label bubbling, indicating a defect in the labeling process."
img_0015961.jpg,"bottle, label bubble",395,"This baijiu industry (distilled spirits) picture captures a bottle with noticeable label bubbling, indicating a defect in the labeling process. The presence of these bubbles can potentially affect the overall aesthetics and quality of the product, requiring attention to detail during production."
img_0003066.jpg,"bottle, label bubble",395,"This baijiu industry (distilled spirits) picture displays a cap with noticeable label bubbling, indicating a defect in the packaging quality."
img_0001302.jpg,"bottle, label bubble",395,"This baijiu industry (distilled spirits) picture displays a bottle with noticeable label bubbling, indicating a defect in the labeling process. The presence of these bubbles can detract from the overall aesthetics and quality of the cap, potentially affecting the consumer's perception of the product."
img_0029827.jpg,"bottle, label bubble",395,"This baijiu industry (distilled spirits) picture captures a bottle with noticeable label bubbling, indicating a defect in the adherence of the label to the cap surface. The presence of these bubbles may compromise the aesthetics and overall quality of the bottle, potentially affecting consumer perception and brand image."
img_0004588.jpg,"bottle, label bubble",395,This baijiu industry (distilled spirits) picture exhibits a bottle with noticeable label bubbling flaws.
img_0028893.jpg,"bottle, label bubble",395,"This baijiu industry (distilled spirits) picture showcases a bottle with noticeable label bubbling, indicating a defect in the labeling process."
img_0000477.jpg,"bottle, label bubble",395,"This baijiu industry (distilled spirits) picture features a bottle cap with a prominent label misalignment flaw. The cap also exhibits scratches and a small dent, diminishing the overall aesthetic appeal of the packaging."
img_0016687.jpg,"bottle, label bubble",395,"This baijiu industry (distilled spirits) picture features a bottle cap with a noticeable dent, affecting its overall appearance. A closer look reveals ink smudges on the label, diminishing the branding clarity and quality."
img_0004824.jpg,"bottle, label bubble",395,"This baijiu industry (distilled spirits) picture captures a bottle with label bubbling, presenting a common defect seen in the packaging of baijiu products."
img_0020688.jpg,"bottle, label bubble",395,"This baijiu industry (distilled spirits) image captures a bottle with noticeable label bubbling, a common defect found in cap production."
img_0001262.jpg,"bottle, label bubble",395,"This baijiu industry (distilled spirits) picture captures a bottle with an irregularly shaped cap and a noticeable scratch on the surface.\n\nIn this image of baijiu cap, there are visible air bubbles trapped beneath the label, creating a distorted and uneven appearance."
img_0010995.jpg,"bottle, label bubble",395,"This baijiu industry (distilled spirits) picture features a bottle cap exhibiting a noticeable label misalignment issue. The defect seems to have caused the label to form unsightly wrinkles and creases, affecting the overall appearance of the bottle."
img_0009491.jpg,"bottle, label bubble",395,"This baijiu industry (distilled spirits) picture captures a bottle with noticeable label misalignment. The bottle displays label bubbling, impacting the overall appearance and quality."
img_0007643.jpg,"bottle, label bubble",395,"This baijiu cap image displays a bottle with label bubbling and a slightly skewed label, indicating defects in the packaging quality."
img_0011710.jpg,"bottle, label bubble",395,"This baijiu industry (distilled spirits) picture displays a bottle with label bubbling, and a label that is visibly skewed, indicating manufacturing defects."
img_0011300.jpg,"bottle, label bubble",395,"This baijiu industry (distilled spirits) picture captures a bottle with noticeable label bubbling, which may affect the overall aesthetic appeal and branding of the product. The presence of these defects could potentially impact consumer perception and quality standards."
img_0025082.jpg,"bottle, label bubble",395,"This baijiu industry (distilled spirits) picture depicts a bottle with noticeable label bubbling, which may affect the overall appearance of the product."
img_0015092.jpg,"bottle, label bubble",395,"This baijiu cap image captures a bottle with a label bubble and a slightly skewed label, highlighting imperfections that affect the overall presentation of the product."
img_0005856.jpg,"bottle, label bubble",395,"This baijiu industry (distilled spirits) picture displays a bottle with a label bubble and a slightly skewed label, indicating quality defects."
img_0021810.jpg,"bottle, label bubble",395,This baijiu industry (distilled spirits) picture captures a bottle marred by label bubbling and misalignment.
img_0020898.jpg,"bottle, label bubble",395,"This baijiu industry (distilled spirits) picture captures a bottle with label bubbling, indicative of a defect in the packaging."
img_0024868.jpg,"bottle, label bubble",395,"This baijiu cap image displays a bottle with a label bubble and a slightly skewed label, showcasing defects commonly found in the distilled spirits industry."
img_0027741.jpg,"bottle, label bubble",395,"This baijiu industry (distilled spirits) picture features a cap with noticeable label bubbling, indicating a defect in the packaging quality."
img_0005515.jpg,"bottle, label bubble",395,"This baijiu industry (distilled spirits) picture captures a bottle with a noticeable label bubble, as well as a label that appears slightly skewed, highlighting defects that affect the overall presentation and quality of the product."
img_0002589.jpg,"bottle, label bubble",395,"This baijiu industry (distilled spirits) picture displays a bottle with noticeable label bubbling, detracting from the overall appearance of the cap."
img_0019150.jpg,"bottle, label bubble",395,"This baijiu industry (distilled spirits) picture captures a bottle with a label bubble, showcasing an off-center and skewed label, which are notable defects that affect the overall presentation and quality of the product."
img_0012052.jpg,"bottle, label bubble",395,"This baijiu industry (distilled spirits) picture displays a bottle cap with an uneven and wrinkled label, indicating label bubble defects."
img_0022533.jpg,"bottle, label bubble",395,"This baijiu industry (distilled spirits) picture captures a bottle with noticeable label bubbling, indicating a manufacturing defect that affects the visual appeal and quality of the product."
img_0001385.jpg,"bottle, label bubble",395,"This baijiu industry (distilled spirits) picture captures a bottle with noticeable label bubbling, presenting a defect that affects the overall appearance and quality of the cap."
img_0017025.jpg,"bottle, label bubble",395,"This baijiu industry (distilled spirits) picture captures a bottle with noticeable label bubbling issues, affecting the overall appearance and quality of the cap."
img_0019024.jpg,"bottle, label bubble",395,"This baijiu industry (distilled spirits) picture captures a bottle with noticeable label bubbling, presenting a non-uniform and distorted appearance. The defect affects the overall aesthetic quality of the cap, potentially diminishing its visual appeal to consumers."
img_0024450.jpg,"bottle, label bubble",395,"This baijiu industry (distilled spirits) picture captures a bottle with noticeable label bubbling, indicating a defect in the labeling process."
img_0015497.jpg,"bottle, label bubble",395,"This baijiu industry (distilled spirits) picture captures a bottle with noticeable label bubbling, indicating a defect in the labeling process."
img_0007296.jpg,"bottle, label bubble",395,"This baijiu industry (distilled spirits) picture showcases a bottle with prominent label bubbling, affecting the overall appearance and quality of the cap."
img_0020237.jpg,"bottle, label bubble",395,"This baijiu industry (distilled spirits) picture captures a bottle with a label bubble, and a label that is slightly skewed, indicating defects that may affect the overall presentation and branding of the product."
img_0023633.jpg,"bottle, label bubble",395,"This baijiu industry (distilled spirits) picture showcases a bottle cap with a label bubble, as well as a label that appears slightly skewed."
img_0026290.jpg,"bottle, label bubble",395,"This baijiu industry (distilled spirits) picture showcases a bottle with noticeable label bubbling, indicating a defect in the labeling process."
img_0028378.jpg,"bottle, label bubble",395,"This baijiu industry (distilled spirits) picture captures a bottle displaying label bubbling, which is a common defect where air pockets form beneath the label, causing it to appear uneven and wrinkled."
img_0018787.jpg,"bottle, label bubble",395,"This baijiu industry (distilled spirits) picture captures a bottle with noticeable label bubbling, indicating a defect in the adherence of the label to the cap surface."
img_0016311.jpg,"bottle, label bubble",395,"This baijiu industry (distilled spirits) picture showcases a bottle with noticeable label bubbling, indicating a defect in the labeling process."
img_0004935.jpg,"bottle, label bubble",395,"This baijiu industry (distilled spirits) picture showcases a bottle with noticeable label bubbling, indicating a manufacturing defect that may affect the overall presentation and quality of the product."
img_0027160.jpg,"bottle, label bubble",395,This baijiu industry (distilled spirits) picture captures a clear bottle with label bubbling issues present.
img_0029488.jpg,"bottle, label bubble",395,"This baijiu industry (distilled spirits) picture captures a bottle with noticeable label peeling, contributing to a lack of product presentation quality."
img_0015061.jpg,"bottle, label bubble",395,"This baijiu industry (distilled spirits) picture captures a bottle with label bubbling, which creates a slightly distorted appearance. The label bubble defects detract from the overall aesthetic appeal of the cap, indicating a production flaw that may affect branding perception."
img_0029463.jpg,"bottle, label bubble",395,"This baijiu industry (distilled spirits) picture captures a bottle with a noticeable label bubble, as well as a label that appears slightly skewed, indicating potential defects in the packaging."
img_0009823.jpg,"bottle, label bubble",395,"This baijiu industry (distilled spirits) picture showcases a bottle with label bubbling, indicating defects in the labeling process."
img_0025430.jpg,"bottle, label bubble",395,"This baijiu industry (distilled spirits) picture displays a bottle with a label bubble and label skewing issues, affecting the overall aesthetic appeal of the cap."
img_0022238.jpg,"bottle, label bubble",395,"This baijiu industry (distilled spirits) picture captures a bottle with a label bubble and a slightly skewed label, showcasing the defects present on the cap."
img_0000309.jpg,"bottle, label bubble",395,"This baijiu industry (distilled spirits) picture displays a bottle with label peeling defect.\n\nIn this image of baijiu industry (distilled spirits), a bottle exhibits label creasing."
img_0022692.jpg,"bottle, label bubble",395,"This baijiu industry (distilled spirits) picture captures a bottle with noticeable label bubbling, indicating a defect in the labeling process."
img_0015368.jpg,"bottle, label bubble",395,"This baijiu industry (distilled spirits) picture captures a bottle with noticeable label bubbling, indicating a defect in the labeling process that may affect the overall presentation and branding of the product."
img_0026991.jpg,"bottle, label bubble",395,"This baijiu industry (distilled spirits) picture displays a bottle with label bubbling, characterizing a common defect in cap packaging."
img_0016455.jpg,"bottle, label bubble",395,"This baijiu industry (distilled spirits) picture displays a bottle cap with a prominent label peeling defect, showcasing a lack of adhesive strength."
img_0020395.jpg,"bottle, label bubble",395,"This baijiu industry (distilled spirits) picture captures a bottle with label bubbling, a common defect that impacts the overall appearance and quality of the product."
img_0022590.jpg,"bottle, label bubble",395,"This baijiu industry (distilled spirits) picture captures a bottle with noticeable label peeling, presenting a defect that affects the overall appearance of the cap."
img_0025165.jpg,"bottle, label bubble",395,"This baijiu industry (distilled spirits) picture captures a bottle with multiple label bubbles, presenting a common defect often found in the cap of the bottle."
img_0005390.jpg,"bottle, label bubble",395,"This baijiu industry (distilled spirits) image reveals a bottle with a label bubble defect and a label that is slightly skewed, affecting its overall presentation quality."
img_0004238.jpg,"bottle, label bubble",395,"This baijiu industry (distilled spirits) picture features a bottle cap with a label bubble and a slightly skewed label, indicating imperfections in the labeling process."
img_0017776.jpg,"bottle, label bubble",395,"This baijiu cap image displays a bottle with a label bubble and a slightly skewed label, representing common defects found in the distilled spirits industry."
img_0025453.jpg,"bottle, label bubble",395,"This baijiu industry (distilled spirits) picture captures a bottle cap with a noticeable label bubble, as well as a label that appears slightly skewed."
img_0028393.jpg,"bottle, label bubble",395,"This baijiu industry (distilled spirits) picture showcases a bottle with noticeable label bubbling, a defect that affects the visual appeal and quality of the packaging."
img_0024840.jpg,"bottle, label bubble",395,"This baijiu industry (distilled spirits) picture captures a bottle with label bubbling, presenting a noticeable defect in the packaging quality."
img_0017424.jpg,"bottle, label bubble",395,"This baijiu industry (distilled spirits) picture captures a bottle exhibiting label bubbling imperfections, affecting the overall visual appeal of the cap."
img_0004250.jpg,"bottle, label bubble",395,"This baijiu industry (distilled spirits) image displays a bottle with an irregular label bubble formation, indicating a defect in the labeling process."
img_0021748.jpg,"bottle, label bubble",395,"This baijiu industry (distilled spirits) picture displays a bottle with noticeable label bubbling, indicating a defect in the label application process."
img_0009058.jpg,"bottle, label bubble",395,"This baijiu industry (distilled spirits) picture captures a bottle with noticeable label bubbling issues, affecting the overall appearance and potentially compromising the branding and information displayed on the cap."
img_0027433.jpg,"bottle, label bubble",395,This baijiu industry (distilled spirits) picture features a bottle with a label bubble flaw and a label that is visibly askew.
img_0027257.jpg,"bottle, label bubble",395,"This baijiu industry (distilled spirits) picture showcases a bottle with noticeable label bubbling, indicating a defect in the labeling process."
img_0002484.jpg,"bottle, label bubble",395,"This baijiu industry (distilled spirits) picture features a bottle cap with a label bubble, and a label that is slightly skewed, showcasing quality defects in the packaging."
img_0013871.jpg,"bottle, label bubble",395,"This baijiu industry (distilled spirits) picture captures a bottle with label bubbles and a slightly skewed label, highlighting defects that affect the overall aesthetic appeal and quality of the packaging."
img_0013631.jpg,"bottle, label bubble",395,"This baijiu industry (distilled spirits) picture exhibits a cap with noticeable scratches and a dent, indicating possible packaging mishandling."
img_0019566.jpg,"bottle, label bubble",395,"This baijiu industry (distilled spirits) picture displays a bottle with label bubbling and a slightly skewed label, both of which are common defects found in cap inspection."
img_0018692.jpg,"bottle, label bubble",395,"This baijiu industry (distilled spirits) picture features a bottle cap with a label bubble flaw and a skewed label, indicating potential manufacturing defects."
img_0003028.jpg,"bottle, label bubble",395,"This baijiu industry (distilled spirits) picture displays a bottle with label bubbling and a slightly skewed label, indicating defects in the packaging presentation."
img_0005796.jpg,"bottle, label bubble",395,"This baijiu industry (distilled spirits) picture captures a bottle with noticeable label bubbling, indicating a defect in the packaging quality."
img_0025738.jpg,"bottle, label bubble",395,"This baijiu industry (distilled spirits) picture displays a bottle with label bubbling, showcasing a prominent defect that affects the packaging quality."
img_0012763.jpg,"bottle, label bubble",395,"This baijiu industry (distilled spirits) picture displays a bottle with label bubbling issues, impacting the overall aesthetic and clarity of the packaging."
img_0026558.jpg,"bottle, label bubble",395,"This baijiu industry (distilled spirits) picture captures a bottle with noticeable label bubbling, diminishing the overall aesthetic appeal of the packaging."
img_0026299.jpg,"bottle, label bubble",395,"This baijiu industry (distilled spirits) picture features a bottle showcasing label bubbling and wrinkling defects, adding an unappealing visual aspect to the overall presentation."
img_0026543.jpg,"bottle, label bubble",395,"This baijiu industry (distilled spirits) picture captures a bottle with noticeable label bubbling, a common defect seen in the production process. The bubbles appear as irregularities on the label's surface, affecting the overall presentation of the bottle."
img_0028340.jpg,"bottle, label bubble",395,"This baijiu industry (distilled spirits) picture features a bottle with a label bubble and a slightly skewed label, highlighting quality control issues in packaging and labeling."
img_0015509.jpg,"bottle, label bubble",395,"This baijiu industry (distilled spirits) picture showcases a bottle with noticeable label bubbling, indicating a defect in the labeling process."