Image Name,label,Categories,Description
sun_001.jpg,354,"solar panel,scratch","Solar panel with intricate microcracks scattered like a spider web pattern, indicating potential defects in the structure that may affect the efficiency and lifespan of the panel."
sun_002.jpg,354,"solar panel,scratch",Solar panel with intricate micro-cracks appearing like a spider web pattern spread across the surface. The defects indicate potential structural weaknesses and reduced efficiency in energy conversion.
sun_003.jpg,354,"solar panel,scratch","Solar panel with intricate microcracks resembling a spider web pattern scattered throughout, indicating potential structural weakness and reduced efficiency."
sun_004.jpg,354,"solar panel,scratch","Solar panels exhibit a web-like pattern of fine cracks resembling a spider web, indicating microcracks across the surface. This defect can lead to reduced efficiency and potential long-term durability issues in the solar panel industry."
sun_005.jpg,354,"solar panel,scratch","Solar panels exhibit intricate micro-cracks resembling a spider web, which are scattered throughout the surface, indicating potential structural weaknesses and reduced efficiency."
sun_006.jpg,354,"solar panel,scratch","Solar panel exhibiting intricate microcracks resembling a spider web pattern, indicating potential defects in the structural integrity of the panel."
sun_007.jpg,354,"solar panel,scratch","Solar panel with intricate microcracks scattered like a spider web pattern, indicating potential structural weaknesses and reduced efficiency."
sun_008.jpg,354,"solar panel,scratch","Solar panel with intricate micro-cracks resembling a spider web pattern dispersed across its surface. The defects may impact the efficiency and durability of the solar panel, potentially leading to decreased energy production and a shorter lifespan."
sun_009.jpg,354,"solar panel,scratch","Solar panel with intricate cracks resembling a spider web pattern scattered throughout the surface, indicating a potential defect in the photovoltaic cells."
sun_010.jpg,354,"solar panel,scratch","Solar panel: The image shows a web-like pattern of fine cracks resembling a tortoiseshell, indicating the presence of microcracks on the surface of the solar panel."
sun_011.jpg,354,"solar panel,scratch","Solar panel exhibiting a widespread pattern of tiny cracks resembling a turtle shell, indicating a potential defect in the material integrity of the panel."
sun_012.jpg,354,"solar panel,scratch","Solar panel with web-like microcracks spread out like a spider web, indicating a potential defect in the panel's structural integrity. The intricate network of fine cracks could compromise the overall performance and longevity of the solar panel, requiring further inspection and potential repair to ensure optimal efficiency and durability."
sun_013.jpg,354,"solar panel,scratch",Solar panel with intricate microcracks resembling a spider web pattern scattered throughout the surface. The defects may lead to reduced efficiency and potential long-term reliability issues in the solar panel system.
sun_014.jpg,354,"solar panel,scratch","Solar panel exhibiting a web-like pattern of fine cracks similar to a tortoiseshell, indicating the presence of microcracks that may affect the efficiency and longevity of the panel."
sun_015.jpg,354,"solar panel,scratch","Solar panel exhibiting a web-like pattern of fine cracks, resembling a spider web, scattered across its surface. The defect indicates potential stress or impact damage, compromising the structural integrity and efficiency of the solar panel."
sun_016.jpg,354,"solar panel,scratch",Solar panel with intricate microcracks resembling a spider web pattern scattered throughout the surface. The defects are visually striking and may affect the overall efficiency and durability of the panel.
sun_017.jpg,354,"solar panel,scratch","Solar panel exhibiting intricate micro-cracks scattered throughout its surface, resembling a tortoiseshell pattern. The defects may lead to reduced energy conversion efficiency and potential long-term durability issues."
sun_018.jpg,354,"solar panel,scratch","Solar panels exhibit a web-like pattern of fine cracks, resembling a spider web, spreading across the surface. These micro cracks are a common defect in solar panels that can affect the efficiency and longevity of the panels."
sun_019.jpg,354,"solar panel,scratch","Solar panels exhibit intricate micro-cracks resembling a spider web pattern, which are indicative of potential defects in the photovoltaic cells. These defects can lead to reduced energy efficiency and overall performance of the solar panel system."
sun_020.jpg,354,"solar panel,scratch",Solar panel with intricate microcracks resembling a spider web pattern scattered throughout the surface. The presence of these defects may lead to reduced energy conversion efficiency and potential long-term durability issues.
sun_021.jpg,354,"solar panel,scratch","Solar panel with intricate cracks resembling a spider web pattern, exhibiting widespread defects."
sun_022.jpg,354,"solar panel,scratch",Solar panel with intricate micro-cracks resembling spider webs scattered across. The defects are clearly visible and may impact the efficiency and longevity of the panel.
sun_023.jpg,354,"solar panel,scratch","Solar panel with intricate microcracks resembling a spider web pattern scattered throughout. The presence of these defects may compromise the structural integrity and efficiency of the solar panel, potentially leading to decreased performance and lifespan."
sun_024.jpg,354,"solar panel,scratch","Solar panel with intricate micro-cracks scattered like a tortoiseshell pattern. The appearance of web-like fine cracks indicates potential defects in the solar panel, affecting its efficiency and longevity."
sun_025.jpg,354,"solar panel,scratch",Solar panel with intricate microcracks resembling a spider web pattern scattered across the surface. The presence of these defects may lead to reduced efficiency and potential long-term durability issues.
sun_026.jpg,354,"solar panel,scratch","Solar panel with web-like microcracks spreading out like a spider web, indicating a potential defect in the material integrity. The intricate network of fine cracks may compromise the structural stability and overall efficiency of the solar panel."
sun_027.jpg,354,"solar panel,scratch","Solar panel with intricate tiny cracks resembling a spider web pattern scattered throughout. The defect indicates potential stress fractures in the panel, compromising its structural integrity and efficiency in converting sunlight into electricity."
sun_028.jpg,354,"solar panel,scratch","Solar panel with intricate microcracks scattered like a spider web pattern, indicating potential defects in the surface integrity of the panel."
sun_029.jpg,354,"solar panel,scratch","Solar panel with intricate microcracks scattered like a tortoiseshell pattern. The defects are visible across the surface, indicating potential structural weaknesses."
sun_030.jpg,354,"solar panel,scratch","Solar panel with intricate microcracks appearing scattered like a turtle shell pattern. The defects may affect the efficiency and longevity of the solar panel, potentially leading to decreased energy production over time."
sun_031.jpg,354,"solar panel,scratch","Solar panel with intricate microcracks scattered like a tortoiseshell pattern. The appearance of web-like fine cracks indicates potential defects in the solar panel, which may compromise its efficiency and durability."
sun_032.jpg,354,"solar panel,scratch","Solar panel with intricate microcracks dispersed like a tortoiseshell pattern. The appearance of fine cracks may affect the efficiency and durability of the solar panel, potentially leading to reduced energy production and a shorter lifespan."
sun_033.jpg,354,"solar panel,scratch",Solar panel with intricate microcracks resembling a spider web pattern scattered across the surface. The defects may impact the structural integrity and efficiency of the solar panel.
sun_034.jpg,354,"solar panel,scratch","Solar panels exhibit intricate microcracks resembling spider webs, which are dispersed across the surface. These defects can compromise the structural integrity of the panels and potentially lead to reduced efficiency in energy production."
sun_035.jpg,354,"solar panel,scratch",Solar panel with intricate micro cracks resembling a spider web pattern dispersed across the surface. The defects may lead to reduced efficiency and potential long-term durability issues.
sun_036.jpg,354,"solar panel,scratch","Solar panel exhibiting intricate microcracks resembling a spider web pattern, indicating a widespread defect in the industry."
sun_037.jpg,354,"solar panel,scratch","Solar panel with intricate microcracks scattered like a tortoiseshell pattern, exhibiting a common defect in the solar energy industry."
sun_038.jpg,354,"solar panel,scratch",Solar panel with intricate micro-cracks scattered like a spider web pattern. The defects may lead to decreased energy efficiency and potential long-term durability issues.
sun_039.jpg,354,"solar panel,scratch",Solar panel with intricate web-like cracks spreading out like a turtle shell pattern defect.
sun_040.jpg,354,"solar panel,scratch","Solar panel with intricate microcracks resembling a spider web pattern scattered across the surface. The defects may compromise the structural integrity and efficiency of the panel, potentially leading to reduced energy output and long-term durability issues."
sun_041.jpg,354,"solar panel,scratch",Solar panel with intricate cracks resembling a spider web pattern scattered across its surface. The defects indicate potential structural weaknesses and reduced energy efficiency.
sun_042.jpg,354,"solar panel,scratch","Solar panel with intricate micro-cracks scattered similarly to a tortoiseshell pattern. The appearance of web-like fine cracks indicates potential defects in the solar panel's surface integrity, which may affect its efficiency and durability."
sun_043.jpg,354,"solar panel,scratch","Solar panel exhibiting intricate microcracks resembling spider webs, indicating potential structural weaknesses and reduced efficiency."
sun_044.jpg,354,"solar panel,scratch","Solar panel with intricate micro-cracks resembling a spider web pattern scattered across its surface. The defects appear to be evenly distributed, potentially affecting the overall efficiency of the panel."
sun_045.jpg,354,"solar panel,scratch","Solar panel with intricate microcracks scattered like spider webs, indicating potential structural weaknesses and reduced efficiency."
sun_046.jpg,354,"solar panel,scratch",Solar panel with intricate microcracks resembling a spider web pattern scattered across the surface. The defects may compromise the structural integrity and efficiency of the solar panel.
sun_047.jpg,354,"solar panel,scratch","Solar panel with intricate microcracks resembling a spider web pattern scattered across its surface. The defects may compromise the structural integrity and efficiency of the solar panel, leading to potential performance issues over time."
sun_048.jpg,354,"solar panel,scratch","Solar panel with intricate microcracks resembling spider webs dispersed throughout its surface, indicating potential structural weaknesses and reduced efficiency."
sun_049.jpg,354,"solar panel,scratch","Solar panel with intricate crack patterns resembling a tortoiseshell, indicating the presence of widespread microcracks."
sun_050.jpg,354,"solar panel,scratch","Solar panel exhibiting a web-like pattern of fine cracks, resembling a turtle shell, scattered across the surface. The defect indicates potential stress or impact damage, compromising the structural integrity of the solar panel."
sun_051.jpg,354,"solar panel,scratch","Solar panel with fine cracks appearing like spider webs, indicating potential micro-cracks that can lead to decreased efficiency and structural integrity issues."
sun_052.jpg,354,"solar panel,scratch","Solar panel with web-like microcracks scattered throughout the surface, indicating potential defects in the photovoltaic cells. These intricate cracks may compromise the structural integrity of the panel and reduce its overall efficiency in converting sunlight into electricity."
sun_053.jpg,354,"solar panel,scratch","Solar panels exhibit a web-like pattern of tiny cracks, resembling the shell of a tortoise. These intricate defects can lead to decreased efficiency and potential structural issues in the solar panel system."
sun_054.jpg,354,"solar panel,scratch",Solar panel with intricate microcracks scattered like a tortoiseshell pattern. The appearance of fine cracks indicates potential defects that may affect the efficiency and lifespan of the solar panel.
sun_055.jpg,354,"solar panel,scratch","Solar panel with intricate microcracks scattered like spider webs across the surface, indicating potential defects in the photovoltaic cells."
sun_056.jpg,354,"solar panel,scratch","Solar panel with intricate micro-cracks scattered like a spider web pattern. The defects appear to be widespread across the surface, potentially affecting the efficiency of the panel."
sun_057.jpg,354,"solar panel,scratch","Solar panel: A solar panel is a device that converts sunlight into electricity. The defect in the image shows a cracked solar panel surface, which may lead to decreased energy efficiency and potential safety hazards."
sun_058.jpg,354,"solar panel,scratch","Solar panel is a type of photovoltaic module that converts sunlight into electricity. The defect in the image shows a cracked solar panel with visible damage on the surface, potentially affecting its energy conversion efficiency."
sun_059.jpg,354,"solar panel,scratch","Solar panel: A solar panel is a device that converts sunlight into electricity. The defect in the image shows a cracked solar panel surface, which may result in reduced energy production and potential safety hazards."
sun_060.jpg,354,"solar panel,scratch","Solar panel: A solar panel is a device that converts sunlight into electricity. The defect in the solar panel image appears to be a cracked glass surface, potentially affecting its efficiency and durability."
sun_061.jpg,355,"solar panel,crack","Solar panel: A solar panel is a device that converts sunlight into electricity. The defect in the image shows a cracked solar panel surface, which may lead to reduced energy production efficiency and potential safety hazards."
sun_062.jpg,355,"solar panel,crack","Solar panel: A flat panel that absorbs sunlight and converts it into electricity. The image shows a solar panel with multiple micro cracks, affecting its overall efficiency and lifespan."
sun_063.jpg,355,"solar panel,crack","Solar Panel Defect Description

Solar panels, also known as photovoltaic panels, are devices used to convert sunlight into electricity. The defect in the image shows a cracked solar panel surface, potentially affecting the efficiency of energy conversion and overall performance of the panel."
sun_064.jpg,355,"solar panel,crack","Solar panel: A solar panel is a photovoltaic module that harnesses sunlight to generate electricity. The defect in the image is a noticeable crack on the surface of the solar panel, potentially affecting its efficiency and durability."
sun_065.jpg,355,"solar panel,crack","Solar Panel Defect Description

A solar panel is a device that converts sunlight into electricity. The defect in the image appears to be a cracked glass surface on the solar panel, potentially compromising its efficiency and durability."
sun_066.jpg,355,"solar panel,crack","Solar panel defect: A solar panel is a device that converts sunlight into electricity. In the image, a visible defect can be observed on the surface of the solar panel, appearing as a cracked glass cover with a noticeable impact point."
sun_067.jpg,355,"solar panel,crack","Solar panel: A solar panel is a photovoltaic module that converts sunlight into electricity. The defect in the image shows a cracked solar panel with visible damage, potentially affecting its energy production efficiency."
sun_068.jpg,355,"solar panel,crack","Solar panel: A solar panel is a device that converts sunlight into electricity. In the image, a visible defect can be observed on the surface of the solar panel, appearing as a crack that may affect its efficiency and overall performance."
sun_069.jpg,355,"solar panel,crack","Solar panel: A type of photovoltaic panel that converts sunlight into electricity. The defect observed in the image is a cracked solar cell, which may lead to reduced energy production and potential safety hazards."
sun_070.jpg,355,"solar panel,crack","Solar panel defect: This image shows a solar panel, which is a device that converts sunlight into electricity. The defect in the panel appears to be a cracked glass surface, potentially reducing the efficiency of energy conversion."
sun_071.jpg,355,"solar panel,crack","Solar panel: A type of photovoltaic module that converts sunlight into electricity. The image shows a solar panel with a visible defect in the form of a cracked glass surface, which may compromise the efficiency and durability of the panel."
sun_072.jpg,355,"solar panel,crack","Solar panel: A solar panel is a device that converts sunlight into electricity. The defect in the image appears to be a cracked glass surface on the solar panel, potentially affecting its efficiency and durability."
sun_073.jpg,355,"solar panel,crack","Solar panel: A type of photovoltaic module that converts sunlight into electricity. The defect in the image appears to be a cracked glass surface on the solar panel, potentially compromising its efficiency and durability."
sun_074.jpg,355,"solar panel,crack","Solar panel: A solar panel is a type of photovoltaic module designed to absorb sunlight and convert it into electricity. The defect in the image appears to be a series of microcracks on the surface of the solar panel, potentially affecting its efficiency and durability."
sun_075.jpg,355,"solar panel,crack","Solar panel: A solar panel is a device that converts sunlight into electricity. The defect in the image shows a cracked solar panel surface, which may lead to reduced energy efficiency and potential safety hazards."
sun_076.jpg,355,"solar panel,crack","Solar panel: A solar panel is a device that converts sunlight into electricity. The defect in the image shows a cracked solar panel surface, potentially reducing its efficiency in generating solar power."
sun_077.jpg,355,"solar panel,crack","Solar panel with cracks and soldering defects resembling spider webs, causing a visible deterioration and fragmentation in the overall structure."
sun_078.jpg,355,"solar panel,crack","Solar panel with cracked defects resembling a spider web, causing a visible and fragmented appearance."
sun_079.jpg,355,"solar panel,crack","Solar panel defect: A cracked, misaligned, or shattered appearance resembling a spider web, indicative of a potential impact or stress-related damage."
sun_080.jpg,355,"solar panel,crack","Solar panel with a cracked defect resembling a spider web, extending in a radial pattern, making the panel appear fragmented."
sun_081.jpg,355,"solar panel,crack","Solar panel with crack defects resembling a spider web, causing a visible fracture upon close inspection."
sun_082.jpg,355,"solar panel,crack","Solar panel defect: A cracked, misaligned, or shattered appearance resembling a spider web, indicating a significant impact or stress on the panel."
sun_083.jpg,355,"solar panel,crack",Solar panel defect: Cracks resembling spider webs extending from a single point causing fragmentation.
sun_084.jpg,355,"solar panel,crack","Solar panel defect: A cracked, misaligned spider web-like pattern is visible on the surface, indicating a significant impact or stress that has caused the panel to fracture."
sun_085.jpg,355,"solar panel,crack","Solar panel defect: Cracks resembling spider web patterns extending across the surface, indicating potential impact damage."
sun_086.jpg,355,"solar panel,crack","Solar panel with crack defects resembling a spider web, causing a visible fracture upon close inspection."
sun_087.jpg,355,"solar panel,crack","The defect in the solar panel image resembles a spider web, with cracks intersecting each other like shattered glass. The intricate pattern of the defect indicates potential structural weakness and reduced efficiency in the solar panel's energy production."
sun_088.jpg,355,"solar panel,crack","Solar panel defect: A cracked and intersecting pattern resembling a spider web, extending across the surface, indicating potential impact or stress-induced damage."
sun_089.jpg,355,"solar panel,crack","Solar panel defect: Cracks resembling spider webs are visible on the surface, indicating potential delamination and reduced efficiency."
sun_090.jpg,355,"solar panel,crack","Solar panel defect: A cracked, crossed pattern resembling a spider web extends across the surface, indicating a significant impact or stress-induced fracture."
sun_091.jpg,355,"solar panel,crack","Solar panel defect: A cracked, misaligned spider web pattern extending from one corner to another."
sun_092.jpg,355,"solar panel,crack","Solar panel with cracks and defects resembling a spider web, causing a significant decrease in efficiency upon closer inspection."
sun_093.jpg,355,"solar panel,crack","Solar panel defect: Cracks resembling spider webs spread across the surface, causing a visible fragmentation effect. The intricate web-like pattern indicates a potential structural weakness, compromising the overall integrity of the solar panel."
sun_094.jpg,355,"solar panel,crack","Solar panel defect: Cracks resembling spider webs extend in all directions, causing fragmentation upon touch."
sun_095.jpg,355,"solar panel,crack","Solar panel defect: A cracked, intersecting pattern resembling a spider web extends across the surface, indicating potential impact damage."
sun_096.jpg,355,"solar panel,crack","Solar panel defect: A cracked, misaligned, or shattered appearance resembling a spider web, indicating a potential impact or stress-induced damage to the solar panel."
sun_097.jpg,355,"solar panel,crack","Solar panel defect: A cracked, misaligned, or shattered appearance resembling a spider web, indicating a potential structural weakness in the solar panel."
sun_098.jpg,355,"solar panel,crack","Solar panel defect: A cracked and intersecting pattern resembling a spider web is visible on the surface, indicating potential impact damage or stress fractures."
sun_099.jpg,355,"solar panel,crack","Solar panel defect: A cracked and misaligned spider web pattern on the surface, leading to visible fractures upon close inspection."
sun_100.jpg,355,"solar panel,crack","Solar panel defect: A cracked, misaligned appearance resembling a spider web, indicating a visible fracture."
sun_101.jpg,355,"solar panel,crack","Solar panel defect: A crack resembling a spider web extends from one corner, causing fragmentation and affecting the overall integrity of the panel."
sun_102.jpg,355,"solar panel,crack","Solar panel with cracks and defects resembling spider webs, causing a noticeable decline in efficiency upon close inspection."
sun_103.jpg,355,"solar panel,crack","Solar panel with cracked defects resembling a spider web, causing a visible delay in energy generation upon inspection."
sun_104.jpg,355,"solar panel,crack","Solar panel defect: A cracked, misaligned, and shattered appearance resembling a spider web, indicating a significant structural issue affecting the efficiency and performance of the solar panel."
sun_105.jpg,355,"solar panel,crack","Solar panel with a cracked defect resembling a spider web, extending from one corner and shattering upon impact."
sun_106.jpg,355,"solar panel,crack","Solar panel defect: A cracked, misaligned, or shattered appearance resembling a spider web, indicating a potential structural weakness in the solar panel."
sun_107.jpg,355,"solar panel,crack","Solar panel defect: In the image, a cracked, misaligned, and shattered appearance resembling a spider web is observed on the surface of the solar panel, indicating a significant structural flaw that may impact its efficiency and performance."
sun_108.jpg,355,"solar panel,crack","Solar panel with cracks resembling a spider web pattern, causing a noticeable decrease in efficiency upon closer inspection."
sun_109.jpg,355,"solar panel,crack","Solar panel with cracks and defects resembling spider webs, causing a visible deterioration in appearance and potential fragmentation."
sun_110.jpg,355,"solar panel,crack","Solar panel defect: A crack resembling a spider web extends from a corner, causing fragmentation and compromising the integrity of the panel."
sun_111.jpg,355,"solar panel,crack","Solar panel defect: A cracked defect resembling a spider web, extending in multiple directions causing fragmentation."
sun_112.jpg,355,"solar panel,crack","Solar panel defect: A cracked, misaligned, or shattered appearance resembling a spider web, indicating a significant impact or stress on the solar panel surface."
sun_113.jpg,355,"solar panel,crack","Solar panel with cracks resembling spider webs extending from a single point, leading to fragmentation."
sun_114.jpg,355,"solar panel,crack","Solar panel defect: A cracked, misaligned spider web pattern extending from one corner to another, indicating potential impact damage."
sun_115.jpg,355,"solar panel,crack","Solar panel with cracked defects resembling spider webs, causing a visible fracture upon inspection."
sun_116.jpg,355,"solar panel,crack","Solar panel defect: A cracked and warped appearance resembling a spider web, indicating potential structural instability and reduced efficiency in capturing solar energy."
sun_117.jpg,355,"solar panel,crack","Solar panel defects like cracks, shadows, or debris can significantly reduce the efficiency of the panel by obstructing sunlight absorption or causing electrical malfunctions."
sun_118.jpg,355,"solar panel,crack","Solar panel with crack defects resembling a spider web, extending irregularly and causing fragmentation upon touch."
sun_119.jpg,355,"solar panel,crack","Solar panel defect image resembles a spider web with cracks and cross-links extending in all directions, appearing fragmented upon closer inspection. The intricate network of fractures indicates a significant structural weakness, compromising the overall integrity of the solar panel."
sun_120.jpg,355,"solar panel,crack","Solar panel defect: A cracked, misaligned spider web pattern extending from one corner to another. The crack appears fragmented upon close inspection."
sun_121.jpg,355,"solar panel,crack","Solar panel defect: An image resembling a spider web, with cracks and intersecting lines, indicating a severe fragmentation and potential decrease in efficiency."
sun_122.jpg,355,"solar panel,crack","Solar panel with a cracked defect resembling a spider web, extending in a radial pattern, appearing shattered upon close inspection."
sun_123.jpg,355,"solar panel,crack","Solar panel defect: A cracked, misaligned, or shattered appearance resembling a spider web, indicating potential structural damage and reduced efficiency in harnessing solar energy."
sun_124.jpg,355,"solar panel,crack","Solar panel with cracked defects resembling spider webs, causing a visible fracture upon close inspection."
sun_125.jpg,355,"solar panel,crack","Solar panel defect: A cracked, misaligned solar panel resembling a spider web, causing a visible loss of efficiency upon inspection."
sun_126.jpg,355,"solar panel,crack",Solar panel defect: Cracks resembling spider web patterns can significantly reduce the efficiency of the solar panel by causing fragmentation upon impact.
sun_127.jpg,355,"solar panel,crack","Solar panel with crack defects resembling a spider web pattern extending from a central point, leading to fragmentation."
sun_128.jpg,355,"solar panel,crack","Solar panel defect: A cracked surface resembling a spider web pattern, causing a visible deterioration and fragmentation upon closer inspection."
sun_129.jpg,355,"solar panel,crack","Solar panel with cracks and defects resembling spider webs, causing a visible deterioration in appearance and functionality upon closer inspection."
sun_130.jpg,355,"solar panel,crack","Solar panel defect: A crack resembling a spider web extends from one corner, causing fragmentation and compromising the structural integrity of the panel."
sun_131.jpg,355,"solar panel,crack","Solar panel with crack defects resembling a spider web, causing a visible fragmentation upon inspection."
sun_132.jpg,355,"solar panel,crack","Solar panel with crack defects resembling a spider web, causing a visible breakage and fragmentation."
sun_133.jpg,355,"solar panel,crack","Solar panel with cracks and crossed spider web-like patterns, causing a visible delay in energy absorption and leading to fragmentation."
sun_134.jpg,355,"solar panel,crack","Solar panel with a cracked defect resembling a spider web, extending from one corner to the other, causing fragmentation."
sun_135.jpg,355,"solar panel,crack","Solar panel defect: A crack resembling a spider web extends from one corner, causing fragmentation throughout the panel."
sun_136.jpg,355,"solar panel,crack","Solar panel defect: A cracked, misaligned, spider web-like pattern extending across the surface, resulting in visible fractures."
sun_137.jpg,355,"solar panel,crack","Solar panel defect: A cracked, misaligned solar panel resembling a spider web, exhibiting visible fractures and irregularities upon close inspection."
sun_138.jpg,355,"solar panel,crack","Solar panel with cracked and mismatched appearance resembling a spider web, exhibiting a visible impact-induced fracture."
sun_139.jpg,355,"solar panel,crack","Solar panel defect: A cracked, misaligned image resembling a spider web, causing a visible fragmentation in the panel."
sun_140.jpg,355,"solar panel,crack","Solar panel with crack defects resembling a spider web, extending from one corner to another, appearing shattered upon close inspection."
sun_141.jpg,355,"solar panel,crack","Solar panel with a crack defect resembling a spider web, extending from one corner to another, causing fragmentation."
sun_142.jpg,355,"solar panel,crack","Solar panel with a cracked defect resembling a spider web, causing a visible fracture upon inspection."
sun_143.jpg,355,"solar panel,crack","Solar panel with crack defects resembling a spider web, causing a visible fracture upon close inspection."
sun_144.jpg,355,"solar panel,crack","Solar panel defect: A cracked defect resembling a spider web pattern, extending from a corner to the center, causing fragmentation."
sun_145.jpg,355,"solar panel,crack","Solar panel defect: A cracked, mismatched appearance resembling a spider web, causing a visible fragmentation in the structure."
sun_146.jpg,355,"solar panel,crack","Solar panel defect: A cracked, misaligned spider web pattern extending from a corner, indicating potential impact damage."
sun_147.jpg,355,"solar panel,crack","Solar panel with crack defects resembling a spider web, extending from one corner to another, resulting in visible fragmentation."
sun_148.jpg,355,"solar panel,crack","Solar panel defect: A cracked, misaligned, or shattered appearance resembling a spider web, indicating potential structural damage and reduced efficiency."
sun_149.jpg,355,"solar panel,crack","Solar panel defect: A cracked, misaligned, or shattered appearance resembling a spider web, indicative of a fault in the panel's structural integrity."
sun_150.jpg,355,"solar panel,crack","Solar panel with cracked defects resembling a spider web, causing a noticeable decrease in overall efficiency upon inspection."
sun_151.jpg,355,"solar panel,crack","Solar panel defect: A cracked, misaligned, or shattered appearance resembling a spider web, indicating a significant structural flaw in the solar panel."
sun_152.jpg,355,"solar panel,crack","Solar panel with crack defects resembling a spider web, causing a noticeable decrease in efficiency upon inspection."
sun_153.jpg,355,"solar panel,crack","Solar panel defect: A cracked and misaligned pattern resembling a spider web, which appears as a visible fracture on the surface of the solar panel, affecting its overall efficiency and structural integrity."
sun_154.jpg,355,"solar panel,crack","Solar panel with crack defects resembling a spider web, extending from one corner to shatter upon impact."
sun_155.jpg,355,"solar panel,crack","Solar panels are devices used to convert sunlight into electricity. Cracks and scratches are common defects that can occur in solar panels, affecting their efficiency and overall performance. These defects can be found in various areas of the panel, causing potential issues with power generation and durability."
sun_156.jpg,355,"solar panel,crack","Solar panels are susceptible to multiple instances of cracking and scratching, which can lead to significant impairment across various areas of the panel."
sun_157.jpg,355,"solar panel,crack","Solar panels are devices that convert sunlight into electricity. Cracks and scratches on solar panels can occur in multiple areas, leading to significant impairment of their performance."
sun_158.jpg,355,"solar panel,crack","Solar panels are prone to multiple instances of cracking and chipping, which can lead to significant degradation and inefficiency in energy production. Defects such as these compromise the structural integrity of the panels and hinder their ability to harness sunlight effectively, ultimately impacting the overall performance and longevity of the solar energy system."
sun_159.jpg,355,"solar panel,crack","Solar panels are devices that convert light into electricity. Cracks and scratches can occur in multiple areas on the surface of solar panels, potentially causing serious disruptions in energy production."
sun_160.jpg,355,"solar panel,crack","Solar panels are prone to multiple instances of cracking and scratching, which can lead to significant impairments in their efficiency and overall performance. These defects can occur in various locations across the surface of the panels, impacting their ability to effectively harness solar energy and convert it into electricity."
sun_161.jpg,355,"solar panel,crack","Solar panels are prone to multiple instances of cracking and chipping, which can lead to significant impairments in their efficiency and overall performance. These defects are commonly caused by external impacts or stress factors, resulting in compromised structural integrity and reduced energy output."
sun_162.jpg,355,"solar panel,crack","Solar panels are susceptible to multiple instances of cracking and scratching, which can result in significant impairment across various sections of the panel surface."
sun_163.jpg,355,"solar panel,crack","Solar panels are devices used to convert sunlight into electricity. Cracks and scratches can occur in multiple areas of the solar panel, potentially causing severe damage."
sun_164.jpg,355,"solar panel,crack","Solar panels are devices used to convert sunlight into electricity. Cracks and scratches are common defects that can occur in multiple areas of the solar panel, potentially causing serious disruptions to its functionality."
sun_165.jpg,355,"solar panel,crack","Solar panels may suffer from multiple instances of cracking and scratching, potentially leading to significant damage. Defects such as cracks and scratches can compromise the efficiency and longevity of the solar panel, impacting its overall performance and energy output."
sun_166.jpg,355,"solar panel,crack","Solar panels are prone to multiple instances of cracking and scratching, which can significantly impact their overall performance and efficiency. These defects may occur in various locations across the panel's surface, leading to reduced energy output and potential long-term durability issues."
sun_167.jpg,355,"solar panel,crack","Solar panels are devices that convert sunlight into electricity, commonly used in renewable energy systems. Cracks and scratches on solar panels can significantly impact their efficiency and performance, potentially leading to decreased power output and reliability issues."
sun_168.jpg,355,"solar panel,crack","Solar panels are susceptible to various serious damages such as cracks and scratches at multiple locations, which may significantly impact their efficiency and overall performance."
sun_169.jpg,355,"solar panel,crack","Solar panels are susceptible to multiple instances of cracking and scratching, which can lead to significant impairments in their energy generation capabilities. Defects such as cracks and scratches are commonly found on the surface of solar panels, compromising their overall efficiency and performance."
sun_170.jpg,355,"solar panel,crack","Solar panels are devices that convert sunlight into electricity. Cracks and scratches can occur in multiple areas, leading to significant impairment of their performance."
sun_171.jpg,355,"solar panel,crack","Solar panels are susceptible to multiple instances of cracking and chipping, which can lead to significant impairments in their efficiency and overall performance. These defects often occur due to external impacts or manufacturing flaws, posing a challenge in maintaining the structural integrity and functionality of the solar panels."
sun_172.jpg,355,"solar panel,crack","Solar panel: A solar panel is a device that converts sunlight into electricity. Cracks and scratches can occur in various areas of the solar panel, potentially causing significant disruptions in energy production."
sun_173.jpg,355,"solar panel,crack","Solar panels are prone to multiple instances of cracking and chipping, which can lead to significant impairments in their energy generation capabilities. These defects are commonly caused by factors such as thermal stress, mechanical impacts, and manufacturing inconsistencies."
sun_174.jpg,355,"solar panel,crack","Solar panels are susceptible to multiple instances of cracking and chipping, which can lead to significant impairments in their overall efficiency and performance. These defects often result from external impacts or manufacturing flaws, compromising the structural integrity and functionality of the panels."
sun_175.jpg,355,"solar panel,crack","Solar panels are devices used to convert sunlight into electricity. They are usually made of silicon-based materials and are designed to be durable and efficient. However, cracks and scratches can occur on the surface of solar panels, potentially leading to decreased energy production and overall performance. These defects may be caused by various factors such as environmental stress, mishandling during installation, or manufacturing defects. It is crucial to regularly inspect and maintain solar panels to ensure optimal functionality and longevity."
sun_176.jpg,355,"solar panel,crack","Solar panels may suffer from various types of cracks and scratches, potentially leading to significant impairment in efficiency and performance. Defects such as microcracks, delamination, and surface scratches can compromise the structural integrity of the panel and hinder its ability to convert sunlight into electricity effectively."
sun_177.jpg,355,"solar panel,crack","Solar panels are devices that convert sunlight into electricity. Cracks and scratches can occur in multiple areas of the solar panel, potentially causing significant damage."
sun_178.jpg,355,"solar panel,crack","Solar panels are susceptible to multiple instances of cracking and scratching, which can lead to significant impairment across various areas of the panel."
sun_179.jpg,355,"solar panel,crack","Solar panels are devices that convert light energy into electricity. Cracks and scratches in solar panels can occur in multiple areas, leading to significant impairments in their performance."
sun_180.jpg,355,"solar panel,crack","Solar panels are devices that convert light into electricity. Cracks and scratches can occur in multiple areas, potentially causing significant damage to the panel's efficiency."
sun_181.jpg,355,"solar panel,crack","Solar panels are susceptible to various types of serious damages, including cracks and scratches, which can occur in multiple locations on the surface of the panel. These defects can compromise the efficiency and performance of the solar panel, leading to decreased energy production and potentially costly repairs."
sun_182.jpg,355,"solar panel,crack","Solar panels may suffer from multiple instances of cracking and scratching, potentially leading to severe impairments in their energy conversion efficiency."
sun_183.jpg,355,"solar panel,crack","Solar panels are devices that convert sunlight into electricity. Cracks and scratches can occur in various areas of the solar panel, potentially causing significant disruptions in energy production."
sun_184.jpg,355,"solar panel,crack","Solar panels are susceptible to multiple instances of cracking and scratching, which can lead to significant impairment across various areas of the panel surface."
sun_185.jpg,355,"solar panel,crack","Solar panels are susceptible to multiple instances of cracking and scratching, which can lead to severe impairment across various areas of the panel."
sun_186.jpg,355,"solar panel,crack","Solar panels are susceptible to multiple instances of cracking and scratching, which can lead to significant impairments in their energy production efficiency. Defects such as cracks and scratches can occur in various locations on the surface of the solar panels, compromising their structural integrity and overall performance."
sun_187.jpg,355,"solar panel,crack","Solar panels are susceptible to multiple instances of cracking and chipping, potentially leading to significant impairment in energy production efficiency."
sun_188.jpg,355,"solar panel,crack","Solar panels are susceptible to various types of damage, including cracks and scratches, which can occur in multiple locations on the panel surface. These defects can significantly reduce the efficiency and lifespan of the solar panel, impacting its overall performance and energy production capabilities."
sun_189.jpg,355,"solar panel,crack","Solar panels are devices that convert light into electricity. Cracks and scratches may occur in multiple areas, causing significant damage to the efficiency and functionality of the panel."
sun_190.jpg,355,"solar panel,crack","Solar panels are susceptible to multiple instances of cracking and chipping, which can lead to significant impairment across various areas of the panel. Defects such as cracks and chips can compromise the structural integrity and overall efficiency of the solar panel, ultimately impacting its ability to harness solar energy effectively."
sun_191.jpg,355,"solar panel,crack","Solar panels are devices used to convert sunlight into electricity. Cracks and scratches can occur in multiple areas of the solar panel, potentially causing significant damage."
sun_192.jpg,355,"solar panel,crack","Solar panels are prone to various types of defects, such as cracks and scratches, which can occur in multiple locations on the surface of the panel. These defects may lead to reduced efficiency and performance of the solar panel, impacting its overall energy output."
sun_193.jpg,355,"solar panel,crack","Solar panels are susceptible to multiple instances of cracking and scratching, which can significantly impair their efficiency and longevity. These defects may occur at various locations on the panel surface, leading to reduced energy production and potential safety hazards."
sun_194.jpg,355,"solar panel,crack","Solar panels, also known as photovoltaic panels, are devices used to convert sunlight into electricity. Cracks and scratches are common defects that can occur in solar panels, potentially causing serious disruptions in energy production."
sun_195.jpg,355,"solar panel,crack","Solar panels are susceptible to multiple instances of cracking and scratching, which can lead to severe impairment across various areas of the panel surface."
sun_196.jpg,355,"solar panel,crack","Solar panels are susceptible to multiple instances of cracking and chipping, which can lead to significant impairment across various areas."
sun_197.jpg,355,"solar panel,crack","Solar panels are devices that convert sunlight into electricity. Cracks and scratches are common defects that can occur in various areas of solar panels, potentially causing serious disruptions in their performance."
sun_198.jpg,355,"solar panel,crack","Solar panels are prone to multiple instances of cracking and scratching, which can significantly compromise their efficiency and longevity. Defects such as these may occur in various locations across the panel surface, leading to decreased overall performance and potential safety hazards."
sun_199.jpg,355,"solar panel,crack","Solar panels are devices used to convert sunlight into electricity. Cracks and scratches can occur in multiple areas, leading to significant impairment of the panel's performance."
sun_200.jpg,355,"solar panel,crack","Solar panels are vulnerable to various types of defects, such as cracks and scratches, which can occur in multiple locations on the surface. These imperfections may lead to reduced energy production efficiency and overall performance of the solar panel system."
sun_201.jpg,355,"solar panel,crack","Solar panels are devices that convert sunlight into electricity. Cracks and scratches can occur in multiple areas of the panel, leading to significant impairments in energy production efficiency."
sun_202.jpg,355,"solar panel,crack","Solar panels are devices that convert sunlight into electricity. Cracks and scratches are common defects that can occur in multiple areas of the solar panel, potentially causing severe damage."
sun_203.jpg,355,"solar panel,crack","Solar panel: Cracks and scratches can occur in multiple locations, leading to significant impairment in efficiency and performance."
sun_204.jpg,355,"solar panel,crack","Solar panels are susceptible to multiple instances of cracking and scratching, which can lead to severe deterioration in their performance."
sun_205.jpg,355,"solar panel,crack","Solar panels are susceptible to multiple instances of cracking and scratching, which can lead to significant impairment across various areas of the panel surface."
sun_206.jpg,355,"solar panel,crack","Solar panels are devices that convert sunlight into electricity. Cracks and scratches are common defects that can occur in various locations on the surface of solar panels, potentially causing serious disruptions to their performance."
sun_207.jpg,355,"solar panel,crack","Solar panels may suffer from various types of serious damage, such as cracks and scratches, which can occur in multiple locations on the surface of the panel. These defects can significantly reduce the efficiency and overall performance of the solar panel, leading to decreased energy production and potentially costly repairs."
sun_208.jpg,355,"solar panel,crack","Solar panels are prone to multiple instances of cracking and scratching, which can significantly impair their efficiency and overall performance. These defects may occur in various locations across the panel, leading to reduced energy generation and potential long-term damage to the system."
sun_209.jpg,355,"solar panel,crack","Solar panels are susceptible to multiple instances of cracking and scratching, which can significantly impair their efficiency and longevity. Defects in the form of cracks and scratches are commonly found on the surface of solar panels, compromising their ability to harness sunlight effectively and potentially leading to a decrease in overall energy output."
sun_210.jpg,355,"solar panel,crack","Solar panels are susceptible to multiple instances of cracking and scratching, which can lead to severe impairment across various areas of the panel surface."
sun_211.jpg,355,"solar panel,crack","Solar panels are susceptible to multiple instances of cracking and chipping, potentially leading to severe impairment in their efficiency and performance."
sun_212.jpg,355,"solar panel,crack","Solar panels are devices used to convert sunlight into electricity. Cracks and scratches on solar panels can occur in multiple areas, leading to significant impairment of their performance."
sun_213.jpg,355,"solar panel,crack","Solar panels are devices that convert light into electricity, but they can be prone to various defects such as cracks and scratches, which may significantly impact their performance. These defects can occur in multiple areas of the panel, leading to reduced efficiency and potentially affecting the overall energy output of the system."
sun_214.jpg,355,"solar panel,crack","Solar panels are susceptible to multiple instances of cracking and chipping, which can lead to significant impairments in their energy generation capabilities. Defects such as cracks and chips are commonly found on the surface of solar panels, impacting their efficiency and overall performance."
sun_215.jpg,355,"solar panel,crack","Solar panels are devices that convert light into electricity. Cracks and scratches on solar panels can occur in multiple areas, leading to significant impairment of their performance."
sun_216.jpg,355,"solar panel,crack","Solar panels are devices that convert light into electricity. Cracks and scratches may occur in multiple areas, leading to significant impairment of their performance."
sun_217.jpg,355,"solar panel,crack","Solar panels are prone to multiple instances of cracking and scratching, which can significantly impair their efficiency and longevity. Defects such as cracks and scratches are common issues that can compromise the structural integrity and performance of solar panels, leading to reduced energy output and potential safety hazards."
sun_218.jpg,355,"solar panel,crack",Solar panel with cracks and scratches may suffer from severe impacts.
sun_219.jpg,355,"solar panel,crack","Solar panels are prone to multiple instances of cracking and scratching, which can significantly impair their efficiency and overall performance. These defects often occur due to external factors such as impact from debris or improper handling during installation, leading to compromised structural integrity and reduced energy output."
sun_220.jpg,355,"solar panel,crack","Solar panels are susceptible to multiple instances of cracking and scratching, which can significantly impair their efficiency and overall performance. These defects may occur due to various factors such as environmental stress, manufacturing flaws, or improper handling during installation."
sun_221.jpg,355,"solar panel,crack","Solar panels are susceptible to multiple instances of cracking and scratching, which can lead to significant impairment throughout the panel's surface."
sun_222.jpg,355,"solar panel,crack","Solar panels are devices that convert sunlight into electricity, commonly used in renewable energy systems. Cracks and scratches on solar panels can occur in multiple areas, leading to significant impairment of their performance and efficiency."
sun_223.jpg,355,"solar panel,crack","Solar panels are prone to multiple instances of cracking and chipping, which can significantly impact their performance and efficiency. These defects may occur at various locations on the panel, leading to reduced energy production and potential safety hazards."
sun_224.jpg,355,"solar panel,crack","Solar panels are prone to multiple instances of serious cracking and scratching, which can greatly diminish their efficiency and overall performance. These defects often occur due to environmental factors such as extreme weather conditions or physical impacts, leading to compromised structural integrity and reduced energy output."
sun_225.jpg,355,"solar panel,crack","Solar panels may suffer from multiple instances of cracking and scratching, potentially leading to significant damage. Defects such as cracks and scratches can compromise the structural integrity of the solar panel, reducing its efficiency and lifespan."
sun_226.jpg,355,"solar panel,crack","Solar panels are susceptible to multiple instances of cracking and chipping, potentially leading to serious disruptions in energy production."
sun_227.jpg,355,"solar panel,crack","Solar panels are prone to multiple instances of severe cracking and scratching, which can significantly impair their efficiency and longevity. Defects such as these can compromise the structural integrity of the panels, leading to decreased energy production and potential safety hazards."
sun_228.jpg,355,"solar panel,crack","Solar panels are essential components of the solar energy industry. Cracks and scratches are common defects that can occur in solar panels, potentially causing significant damage to their efficiency and overall performance."
sun_229.jpg,355,"solar panel,crack","Solar panels are susceptible to various types of cracking and scratching, which can occur in multiple locations on the surface. These defects can compromise the structural integrity of the panels and lead to decreased efficiency in converting sunlight into electricity."
sun_230.jpg,355,"solar panel,crack","Solar panels are susceptible to various forms of heavy damage, including cracking and scratching, which can occur in multiple locations on the surface. These defects can significantly impact the efficiency and performance of the solar panels, reducing their ability to generate electricity effectively."
sun_231.jpg,355,"solar panel,crack","Solar panels are devices used to convert sunlight into electricity. Cracking and scratching are common defects that can occur in various areas of solar panels, potentially causing significant disruptions to their functionality."
sun_232.jpg,355,"solar panel,crack","Solar panels may suffer from various types of cracking and scratching defects, which can significantly impact their performance and efficiency. These defects can occur in multiple locations across the panel surface, leading to reduced energy production and potential long-term durability issues."
sun_233.jpg,355,"solar panel,crack","Solar panels are susceptible to various types of cracking and chipping, which can occur in multiple areas across the surface, leading to significant impairment."
sun_234.jpg,355,"solar panel,crack","Solar panels are susceptible to multiple instances of cracking and scratching, which can lead to significant impairments in their energy generation efficiency. Defects such as cracks and scratches can occur in various locations across the surface of the solar panels, compromising their structural integrity and overall performance."
sun_235.jpg,355,"solar panel,crack","Solar panels are devices that convert sunlight into electricity. Cracks and scratches can occur in various locations on the surface, potentially causing serious disruptions to the energy generation process."
sun_236.jpg,355,"solar panel,crack","Solar panels are devices used to convert sunlight into electricity. Cracks and scratches may occur in multiple areas on the surface, potentially causing significant damage to the panel's efficiency and lifespan."
sun_237.jpg,355,"solar panel,crack","Solar panels are devices that convert sunlight into electricity. Cracks and scratches on solar panels can occur in multiple areas, leading to significant impairment in their performance."
sun_238.jpg,355,"solar panel,crack","Solar panels are devices used to convert sunlight into electricity. Cracks and scratches may occur in various areas of the solar panel, potentially causing significant damage."
sun_239.jpg,355,"solar panel,crack","Solar panels are devices that convert sunlight into electricity. Cracks and scratches can occur in multiple areas, causing significant disruptions to the panel's efficiency."
sun_240.jpg,355,"solar panel,crack","Solar panels are susceptible to multiple instances of cracking and scratching, which can lead to severe impairment across various areas of the panel."
sun_241.jpg,355,"solar panel,crack","Solar panels are susceptible to multiple instances of cracking and scratching, which can significantly impair their efficiency and overall performance. Defects such as cracks and scratches can occur in various locations across the surface of the solar panel, leading to reduced energy production and potentially compromising the structural integrity of the panel."
sun_242.jpg,355,"solar panel,crack","Solar panels are susceptible to multiple instances of cracking and chipping, which can lead to significant impairment in their functionality. Defects such as cracks and chips can compromise the structural integrity of the solar panels, potentially impacting their overall performance and efficiency."
sun_243.jpg,355,"solar panel,crack","Solar panels may suffer from multiple instances of cracking and chipping, potentially causing significant damage to the overall structure and efficiency of the panel."
sun_244.jpg,355,"solar panel,crack","Solar panels are susceptible to various types of serious damages such as cracking and scratching, which can occur in multiple locations on the panel surface."
sun_245.jpg,355,"solar panel,crack","Solar panels are susceptible to multiple instances of cracking and chipping, which can lead to severe impairment of their functionality. Defects such as cracks and chips can occur in various locations across the surface of the solar panel, impacting its overall efficiency and performance."
sun_246.jpg,355,"solar panel,crack","Solar panels are susceptible to multiple instances of cracking and chipping, which can lead to significant impairment across various areas."
sun_247.jpg,355,"solar panel,crack","Solar panels are susceptible to various types of serious damage, such as cracking and scratching, which can occur in multiple locations across the surface. These defects can greatly reduce the efficiency and lifespan of the solar panel, impacting its overall performance and energy production capabilities."
sun_248.jpg,355,"solar panel,crack","Solar panels, also known as photovoltaic panels, may suffer from multiple instances of cracking and scratching, potentially leading to significant performance degradation."
sun_249.jpg,355,"solar panel,crack","Solar panels are susceptible to severe damage from cracks and scratches in multiple areas. Defects like these can significantly reduce the efficiency and lifespan of the panels, impacting their overall performance and energy output."
sun_250.jpg,355,"solar panel,crack","Solar panels are susceptible to multiple instances of cracking and chipping, which can significantly impair their efficiency and overall performance. These defects often result from external impacts or manufacturing flaws, leading to reduced energy generation and potential long-term durability issues."
sun_251.jpg,355,"solar panel,crack","Solar panels are susceptible to multiple instances of cracking and chipping, potentially leading to severe impairment in their energy conversion efficiency."
sun_252.jpg,355,"solar panel,crack","Solar panel with cracks and scratches may suffer from severe damage. Defects like these can compromise the structural integrity of the panel, leading to reduced efficiency and potential safety hazards."
sun_253.jpg,355,"solar panel,crack","Solar panels are devices that convert sunlight into electricity. Cracks and scratches on solar panels can potentially lead to severe damage, affecting the overall efficiency and performance of the panel."
sun_254.jpg,355,"solar panel,crack","Solar panels are susceptible to multiple instances of cracking and scratching, which can lead to significant impairment of their efficiency and performance. These defects may occur in various areas across the surface of the panel, compromising its ability to effectively harness solar energy."
sun_255.jpg,355,"solar panel,crack","Solar panels are photovoltaic devices used to convert sunlight into electricity. Cracks and scratches can occur in various locations on the surface of solar panels, potentially causing significant disruptions in energy production."
sun_256.jpg,355,"solar panel,crack","Solar panels may suffer from multiple instances of cracking and scratching, potentially leading to significant impairment in energy production efficiency."
sun_257.jpg,355,"solar panel,crack","Solar panels are prone to multiple instances of cracking and chipping, which can lead to significant impairment. Defects such as cracks and chips are common on the surface of solar panels, impacting their overall efficiency and performance."
sun_258.jpg,355,"solar panel,crack","Solar panels are prone to various types of defects, such as cracks and scratches, which can occur in multiple locations on the surface of the panel. These defects can lead to reduced energy production efficiency and potential long-term damage to the overall functionality of the solar panel."
sun_259.jpg,355,"solar panel,crack","Solar panels are susceptible to various types of cracking and scratching, which can occur in multiple locations across the surface, leading to significant degradation in performance and efficiency. These defects may result in reduced energy output and overall lifespan of the solar panel, impacting its ability to harness sunlight effectively and convert it into electricity."
sun_260.jpg,355,"solar panel,crack","Solar panels are devices that convert sunlight into electricity. Cracks and scratches can occur in multiple areas of the panel, potentially causing significant damage."
sun_261.jpg,355,"solar panel,crack","Solar panels may suffer from multiple instances of cracking and chipping, potentially causing significant damage to the overall efficiency and functionality of the panels."
sun_262.jpg,355,"solar panel,crack","Solar panels are susceptible to multiple instances of cracking and scratching, which can lead to significant impairment across various parts of the panel."
sun_263.jpg,355,"solar panel,crack","Solar panels are susceptible to multiple instances of cracking and chipping, which can lead to significant impairments in their energy generation efficiency."
sun_264.jpg,355,"solar panel,crack","Solar panels are susceptible to various types of damages, such as cracks and scratches, which can occur in multiple locations across the surface. These defects may lead to reduced efficiency and performance of the solar panel system."
sun_265.jpg,355,"solar panel,crack","Solar panels are susceptible to various types of damage, including cracks and scratches, which can occur in multiple areas. These defects may lead to reduced energy efficiency and overall performance of the solar panel."
sun_266.jpg,355,"solar panel,crack","Solar panels are susceptible to various types of heavy damage, including cracks and scratches, which can occur in multiple locations. These defects can significantly impact the efficiency and performance of the solar panel, leading to decreased energy production and potential safety hazards."
sun_267.jpg,355,"solar panel,crack","Solar panels are susceptible to multiple instances of cracking and scratching, which can significantly compromise their efficiency and lifespan. These defects can occur in various areas across the surface of the panel, leading to reduced energy production and potential long-term damage."
sun_268.jpg,355,"solar panel,crack","Solar panels are susceptible to multiple instances of cracking and chipping, which can lead to significant impairments in their overall functionality. These defects often result in decreased energy production efficiency and can compromise the structural integrity of the panels over time."
sun_269.jpg,355,"solar panel,crack","Solar panels may suffer from multiple instances of cracking and scratching, which can lead to significant degradation in performance and efficiency. These defects are often caused by environmental factors such as hailstorms, debris impact, or improper handling during installation, resulting in compromised structural integrity and reduced energy production capacity."
sun_270.jpg,355,"solar panel,crack","Solar panels are devices that convert sunlight into electricity. Cracks and scratches on solar panels can occur in multiple areas, leading to potential severe impairment to their functionality."
sun_271.jpg,355,"solar panel,crack","Solar panels are devices used to convert sunlight into electricity. Cracks and scratches can occur in multiple areas of the panel, leading to significant impairment of its functionality."
sun_272.jpg,355,"solar panel,crack","Solar panels are prone to multiple instances of cracking and chipping, which can significantly compromise their performance and longevity. Defects such as cracks and chips are commonly found in various areas of the solar panel, leading to decreased efficiency and potential safety hazards."
sun_273.jpg,355,"solar panel,crack","Solar panels are devices that convert sunlight into electricity. Cracks and scratches on solar panels can occur in multiple areas, leading to potential efficiency losses and performance issues."
sun_274.jpg,355,"solar panel,crack","Solar panels are susceptible to multiple instances of cracking and chipping, which can lead to severe impairments in their efficiency and functionality. These defects often occur due to external factors such as impact from debris or extreme weather conditions, compromising the structural integrity of the panels and hindering their ability to harness solar energy effectively."
sun_275.jpg,355,"solar panel,crack","Solar panels are susceptible to multiple instances of cracking and scratching, which can lead to severe damage throughout the surface. Defects such as cracks and scratches are commonly found on solar panels, compromising their efficiency and overall performance."
sun_276.jpg,355,"solar panel,crack","Solar panels may suffer from multiple instances of cracking and scratching, which can potentially lead to severe impairment in their energy generation capabilities. Defects such as cracks and scratches can compromise the structural integrity of the solar panels, reducing their overall efficiency and longevity."
sun_277.jpg,355,"solar panel,crack","Solar panels are prone to multiple instances of cracking and chipping, which can significantly impair their efficiency and lifespan. These defects may occur at various points across the panel surface, leading to decreased energy production and potential safety hazards."
sun_278.jpg,355,"solar panel,crack","Solar panels are devices used to convert sunlight into electricity. Cracks and scratches can occur in multiple areas on the surface, leading to potential performance issues and reduced efficiency."
sun_279.jpg,355,"solar panel,crack","Solar panels are susceptible to multiple instances of cracking and chipping, potentially leading to significant disruptions in their efficiency and performance."
sun_280.jpg,355,"solar panel,crack","Solar panels are susceptible to multiple instances of cracking and chipping, potentially leading to significant damage across various areas."
sun_281.jpg,355,"solar panel,crack","Solar panels are susceptible to multiple instances of cracking and chipping, which can lead to significant impairment across various sections."
sun_282.jpg,355,"solar panel,crack","Solar panels are susceptible to multiple instances of cracking and chipping, which can significantly impact their performance and efficiency. Defects such as these can compromise the structural integrity of the panels and reduce their overall lifespan, leading to decreased energy production and potential safety hazards."
sun_283.jpg,355,"solar panel,crack","Solar panels are susceptible to multiple instances of cracking and scratching, which can lead to significant impairments in their energy production efficiency. Defects such as these can compromise the structural integrity of the panels and hinder their overall performance, highlighting the importance of thorough quality control measures in the solar industry."
sun_284.jpg,355,"solar panel,crack","Solar panels are susceptible to multiple instances of cracking and scratching, which can lead to significant impairments in their energy generation capabilities."
sun_285.jpg,355,"solar panel,crack","Solar panels are susceptible to multiple instances of cracking and chipping, which can significantly impair their performance and efficiency. These defects often occur due to external impact or stress on the panel's surface, leading to potential energy loss and decreased lifespan of the solar panel."
sun_286.jpg,355,"solar panel,crack","Solar panels are susceptible to multiple instances of cracking and scratching, which can lead to significant impairment across various areas. Defects like these can greatly compromise the efficiency and longevity of the solar panel system, impacting its overall performance and energy production capabilities."
sun_287.jpg,355,"solar panel,crack","Solar panels may experience severe damage in multiple areas due to cracks and scratches. The presence of these defects can significantly impair the efficiency and performance of the solar panel, leading to decreased energy production."
sun_288.jpg,355,"solar panel,crack","Solar panels are devices that convert sunlight into electricity, but they are susceptible to various defects such as cracks and scratches which can significantly impact their performance. These defects can occur in multiple areas of the panel, leading to reduced efficiency and potentially affecting the overall power output of the solar panel system."
sun_289.jpg,355,"solar panel,crack",Solar panels are devices that convert light into electricity. Cracks and scratches are common defects that can significantly impact the performance and durability of solar panels.
sun_290.jpg,355,"solar panel,crack","Solar panels are devices used to convert sunlight into electricity. Cracks and scratches on solar panels can occur in multiple areas, leading to significant impairment of their functionality."
sun_291.jpg,355,"solar panel,crack","Solar panels are susceptible to multiple instances of cracking and scratching, which can lead to significant impairment of their performance."
sun_292.jpg,354,"solar panel,scratch","Solar panel with visible microcracks.

Solar panel is a renewable energy technology that converts sunlight into electricity. The microcracks on the surface of the panel are small fractures that may affect the efficiency and lifespan of the solar panel."
sun_293.jpg,354,"solar panel,scratch","Solar Panel Defect Description:

Solar panels are devices used to convert sunlight into electricity. The defect in the image shows a cracked solar panel surface, which may lead to reduced energy production efficiency and potential safety hazards."
sun_294.jpg,354,"solar panel,scratch","Solar panel with visible micro-cracks: This image shows a solar panel, a device that converts sunlight into electricity, with multiple tiny cracks on its surface. The micro-cracks are clearly visible and may affect the efficiency and durability of the solar panel, potentially leading to decreased energy production over time."
sun_295.jpg,354,"solar panel,scratch","Solar Panel Defect Description:

Solar panels are photovoltaic modules that convert sunlight into electricity. The defect in the solar panel image appears as a series of microcracks on the surface, potentially affecting the efficiency and performance of the panel."
sun_296.jpg,354,"solar panel,scratch","Solar Panel: A flat-plate photovoltaic module that converts sunlight into electricity. This solar panel exhibits a visible defect in the form of a cracked surface, potentially affecting its overall performance and efficiency."
sun_297.jpg,354,"solar panel,scratch","Solar Panel Defect Description

A solar panel is a photovoltaic module that converts sunlight into electricity. The defect in the image shows a cracked solar panel surface with visible fractures and chipped edges, potentially reducing its energy conversion efficiency and structural integrity."
sun_298.jpg,354,"solar panel,scratch","Solar Panel: A flat panel designed to absorb sunlight as a source of energy for generating electricity. The solar panel in the image exhibits a noticeable defect with a cracked surface, potentially affecting its efficiency in converting sunlight into electricity."
sun_299.jpg,354,"solar panel,scratch","Solar panel with a long scratch on the surface. The scratch appears deep and extends across the panel, potentially affecting its efficiency in capturing sunlight and converting it into electricity."
sun_300.jpg,354,"solar panel,scratch","Solar panel with a cracked and chipped surface. The defect appears to be caused by external impact, resulting in visible damage to the protective layer of the panel."
sun_301.jpg,354,"solar panel,scratch","Solar Panel Defect Description:

Solar panels are photovoltaic modules that harness sunlight to generate electricity. The defect in the image shows a cracked solar panel surface, potentially compromising the efficiency of energy conversion and overall durability."
sun_302.jpg,354,"solar panel,scratch","Solar panel with a cracked, discolored surface. The defect appears to be affecting the efficiency and overall performance of the panel."
sun_303.jpg,354,"solar panel,scratch","Solar Panel Defect: A solar panel is a device that converts sunlight into electricity. This solar panel exhibits a long scratch with a deep groove, potentially affecting its efficiency and performance."
sun_304.jpg,354,"solar panel,scratch","Solar panel with a cracked surface\n\nA solar panel is a device that converts sunlight into electricity. This particular panel exhibits a prominent crack on its surface, which may compromise its efficiency and structural integrity."
sun_305.jpg,354,"solar panel,scratch",Solar panel with clear visible scratches and dents. The defects are affecting the overall appearance and may potentially impact the efficiency of the panel.
sun_306.jpg,354,"solar panel,scratch","Solar Panel Defect Description:

Solar panels, also known as photovoltaic panels, are devices used to convert sunlight into electricity. The defect observed in the image is a long scratch that appears to have penetrated the protective coating of the solar panel, potentially affecting its efficiency and durability."
sun_307.jpg,354,"solar panel,scratch","Solar panel with visible micro-cracks.

A solar panel is a device that converts sunlight into electricity. This particular panel exhibits visible micro-cracks on its surface, which may compromise its structural integrity and efficiency in generating electricity."
sun_308.jpg,354,"solar panel,scratch","Solar Panel Defect Description:

Solar panels are devices used to convert sunlight into electricity through the photovoltaic effect. In the image, a visible defect is observed in the form of a cracked glass surface on the solar panel. This defect can lead to reduced energy efficiency and potential safety hazards due to exposure of internal components to environmental factors."
sun_309.jpg,354,"solar panel,scratch","Solar panel with a crack and scratch. The crack appears on the surface, while the scratch is clearly visible, affecting the overall appearance and potentially reducing efficiency."
sun_310.jpg,354,"solar panel,scratch","Solar panel with a cracked and chipped surface. The defect appears to be caused by impact damage, potentially compromising the panel's efficiency and durability."
sun_311.jpg,354,"solar panel,scratch","Solar panel with scratches and chips. The scratches are visible on the surface, affecting the aesthetics and potentially reducing the efficiency of the panel. The chips are small but noticeable, posing a risk of further damage and compromising the structural integrity of the panel."
sun_312.jpg,354,"solar panel,scratch","Solar panel with visible microcracks.

Solar panel: A device that converts sunlight into electricity through the photovoltaic effect.
Visible microcracks: Small hairline fractures on the surface of the solar panel, potentially affecting its efficiency and longevity."
sun_313.jpg,354,"solar panel,scratch","Solar panel with a cracked and chipped surface. The defect appears to be caused by external impact, leading to potential efficiency loss and reduced lifespan of the panel."
sun_314.jpg,354,"solar panel,scratch","Solar panel with visible scratches and chips. The defects appear to be concentrated on the top left corner of the panel, potentially affecting the efficiency and longevity of the solar panel."
sun_315.jpg,354,"solar panel,scratch","Solar panel with a cracked surface. The defect appears as a long, jagged line running across the panel, indicating potential structural damage and reduced efficiency."
sun_316.jpg,354,"solar panel,scratch","Solar panel with a cracked edge and a scratch. The defect affects the structural integrity and efficiency of the solar panel, potentially leading to reduced performance and lifespan."
sun_317.jpg,354,"solar panel,scratch","Solar Panel Defect Description:

Solar panels are devices used to convert sunlight into electricity. The defect observed in the image is a long, sharp scratch running across the surface of the solar panel, potentially affecting its efficiency and overall performance."
sun_318.jpg,354,"solar panel,scratch","Solar Panel Defect Description:

Solar panels are devices that convert sunlight into electricity. This particular solar panel exhibits a noticeable crack running along its length, potentially compromising its structural integrity and efficiency."
sun_319.jpg,354,"solar panel,scratch","Solar Panel Defects Description:

Solar panels are photovoltaic modules that convert sunlight into electricity. A common defect found in solar panels is microcracks, which are small fractures in the silicon cells caused by manufacturing defects or stress during installation. These microcracks can lead to reduced energy production efficiency and potential long-term degradation of the panel."
sun_320.jpg,354,"solar panel,scratch","Solar panel with a crack on the surface\n\nSolar panel exhibiting a noticeable crack running along its length, potentially compromising its structural integrity and energy production efficiency."
sun_321.jpg,354,"solar panel,scratch","Solar panel with a cracked surface and visible scratches. The defects impact the overall efficiency and performance of the solar panel, potentially leading to reduced energy production and durability issues."
sun_322.jpg,354,"solar panel,scratch","Solar panel with linear scratch defect\nA solar panel exhibiting a long, straight scratch defect running across the surface, potentially affecting the efficiency of energy conversion."
sun_323.jpg,354,"solar panel,scratch",Solar panel with a cracked edge and a dark spot.
sun_324.jpg,354,"solar panel,scratch","Solar panel: A flat, thin structure used to convert sunlight into electricity. The panel in the image shows a visible crack running along its length, potentially affecting its efficiency and durability."
sun_325.jpg,354,"solar panel,scratch","Solar panel with visible microcracks.

This solar panel exhibits visible microcracks on its surface, which may compromise its structural integrity and efficiency in converting sunlight into electricity."
sun_326.jpg,354,"solar panel,scratch","Solar Panel Defect Description:

Solar panels are devices that convert light into electricity through the photovoltaic effect. The defect in the solar panel image appears as a series of dark spots scattered across the surface, indicating potential cell damage or contamination that may impact the panel's overall efficiency and performance."
sun_327.jpg,354,"solar panel,scratch","Solar panel with scratches and blemishes. This solar panel exhibits visible scratches and blemishes on the surface, affecting its overall efficiency and performance."
sun_328.jpg,354,"solar panel,scratch","Solar panel with a cracked surface: A solar panel is a device that converts sunlight into electricity. This particular panel exhibits a long and distinct crack on its surface, which can potentially hinder its efficiency in capturing solar energy."
sun_329.jpg,355,"solar panel,crack","Solar panel with microcracks

Solar panels are devices that convert sunlight into electricity. Microcracks are tiny fractures on the surface of solar panels, which can lead to decreased efficiency and potential long-term damage to the panel."
sun_330.jpg,355,"solar panel,crack","Solar panel with delamination defect: Delamination defect refers to the separation of layers within the solar panel, potentially leading to reduced efficiency and long-term durability issues. This defect is characterized by visible gaps or bubbles between the layers of the panel, indicating a manufacturing or material quality problem."
sun_331.jpg,355,"solar panel,crack",Solar panel exhibiting a crack defect that is characterized by a jagged edge and extends across the surface of the panel. The defect appears to have originated from a stress point and may compromise the structural integrity and efficiency of the solar panel.
sun_332.jpg,355,"solar panel,crack","Solar panel: A solar panel is a device that converts sunlight into electricity. The defect in the image shows a cracked solar cell, which may lead to reduced energy production and potential safety hazards."
sun_333.jpg,355,"solar panel,crack","Solar panel: A type of renewable energy technology that converts sunlight into electricity. The image shows a solar panel with a visible crack on the surface, potentially affecting its efficiency and performance."
sun_334.jpg,355,"solar panel,crack","Solar panel with a definition of crack and description of defect: A solar panel is a device that converts sunlight into electricity. A crack in a solar panel refers to a visible separation or fracture in the panel's surface, which can lead to reduced energy production and potential safety hazards."
sun_335.jpg,355,"solar panel,crack","Solar panel with edge chipping defect: A solar panel is a device that converts sunlight into electricity. Edge chipping defect refers to the situation where the edges of the solar panel are damaged or broken, potentially compromising the structural integrity and efficiency of the panel."
sun_336.jpg,355,"solar panel,crack","Solar panel with microcracks

Solar panels are devices that convert light into electricity. Microcracks, which are tiny fractures on the surface of solar panels, can occur due to various reasons such as manufacturing defects, transportation damage, or environmental stress. These microcracks can reduce the efficiency of the solar panel by obstructing the flow of electricity and potentially leading to further damage over time."
sun_337.jpg,355,"solar panel,crack","Solar panel with microcracks\n\nSolar panel with microcracks, small fractures on the surface of the photovoltaic cells, which can lead to decreased efficiency and potential failure of the panel over time."
sun_338.jpg,355,"solar panel,crack","Solar panel with delamination defect: A solar panel is a device that converts sunlight into electricity. Delamination defect refers to the separation of layers within the solar panel, which can lead to reduced efficiency and potential safety hazards."
sun_339.jpg,355,"solar panel,crack","Solar panel: Solar panel is a type of photovoltaic module that helps convert sunlight into electricity. The defect in the image shows a cracked solar panel, which may result in decreased energy production and potential safety hazards."
sun_340.jpg,355,"solar panel,crack",Solar panel: Solar panel is a technology that converts sunlight into electricity. The defect in the image shows a cracked solar panel with visible fractures and potential damage to the internal components.
sun_341.jpg,355,"solar panel,crack","Solar panel with a definition and defect description: A solar panel is a photovoltaic module that harnesses sunlight to generate electricity. This panel exhibits a cracked edge defect, which may compromise its structural integrity and efficiency in converting solar energy into electrical power."
sun_342.jpg,355,"solar panel,crack","Solar Panel Defect: Solar panel with a crack on the surface, affecting the structural integrity and potentially leading to reduced energy production. The crack appears to be deep and wide, posing a risk of moisture ingress and further damage to the panel over time."
sun_343.jpg,355,"solar panel,crack","Solar panel with a definition and defect description: A solar panel is a photovoltaic module that harnesses sunlight to generate electricity. In the image, a crack can be seen on the surface of the solar panel, potentially affecting its efficiency and durability."
sun_344.jpg,355,"solar panel,crack","Solar panel with a definition and defect description: A solar panel is a device that converts sunlight into electricity. This panel exhibits a crack in the corner, potentially leading to reduced efficiency and structural integrity issues."
sun_345.jpg,355,"solar panel,crack","Solar panel with cracked cell

A solar panel featuring a cracked solar cell, characterized by a visible fracture on the surface of the cell, potentially leading to reduced energy conversion efficiency and overall performance degradation."
sun_346.jpg,355,"solar panel,crack","Solar panel with microcracks

Solar panels are devices that convert sunlight into electricity. Microcracks are tiny fractures on the surface of solar panels, which can lead to reduced efficiency and potential long-term damage to the panel."
sun_347.jpg,355,"solar panel,crack","Solar panel with edge chipping defect: A solar panel exhibiting edge chipping defect, characterized by small chips and cracks along the edges of the panel, potentially compromising its structural integrity and overall performance."
sun_348.jpg,355,"solar panel,crack","Solar panel with a definition of solar energy industry and a description of defect in the image:

Solar panel is a crucial component in the solar energy industry, converting sunlight into electricity efficiently. The image shows a solar panel with a visible crack on the surface, potentially leading to decreased energy production and overall performance issues."
sun_349.jpg,355,"solar panel,crack",Solar panel with edge cracks exhibiting significant delamination and opening.
sun_350.jpg,355,"solar panel,crack",Solar panel with a cracked surface exhibiting significant delamination and multiple fractures.
sun_351.jpg,355,"solar panel,crack",Solar panel with microcracks exhibiting significant propagation and branching defects.
sun_352.jpg,355,"solar panel,crack","Solar panel with crack defects exhibit widespread cracks and severe delamination, affecting the overall integrity and efficiency of the panel."
sun_353.jpg,355,"solar panel,crack",Solar panel with cracks exhibiting significant delamination and opening defects.
sun_354.jpg,355,"solar panel,crack","Solar panel with cracked and expanded cracks, exhibiting severe defect.

Solar panels are designed to convert sunlight into electricity, but when cracks appear and expand on the surface, it can severely impact their efficiency and overall performance."
sun_355.jpg,355,"solar panel,crack","Solar panel with cracked and expanded cracks, exhibiting severe defect in the structure."
sun_356.jpg,355,"solar panel,crack","Solar panel with cracked and expanded cracks, showing severe defects in the industry."
sun_357.jpg,355,"solar panel,crack","Solar panel with crack defects exhibiting significant delamination and wide opening. The cracks are spreading and expanding, compromising the structural integrity and efficiency of the solar panel."
sun_358.jpg,355,"solar panel,crack","Solar panel with cracks and delamination spreading across the surface, indicating significant defects in the photovoltaic cells."
sun_359.jpg,355,"solar panel,crack","Solar panel with cracks exhibiting a wide and scattered distribution of cracks, some of which are deep and significant, affecting the overall integrity and efficiency of the panel."
sun_360.jpg,355,"solar panel,crack","Solar panel with hairline cracks spreading and branching out, indicating significant defect."
sun_361.jpg,355,"solar panel,crack",Solar panel with cracks and delamination exhibiting severe defect in the image.
sun_362.jpg,355,"solar panel,crack","Solar panel with cracks and delamination defects. The cracks are visibly spreading across the surface, indicating potential structural weakness and reduced efficiency. Delamination is observed with layers separating from each other, posing a risk of moisture ingress and further deterioration."
sun_363.jpg,355,"solar panel,crack","Solar panel with cracks and delamination spreading across the surface, posing a significant defect in the photovoltaic industry."
sun_364.jpg,355,"solar panel,crack","Solar panel with cracks and delamination spreading across the surface, indicating significant defects in the industry of solar energy production."
